customer_id,first_name,last_name,email,phone,date_of_birth,gender,city,state,country,occupation,annual_income,credit_score,kyc_status,join_date
1,Tushar,Chopra,tushar.chopra1@email.com,+91-8948728483,1993-09-06,M,Pune,Maharashtra,India,Banker,1187310,730,Verified,2022-06-09
2,Simran,Verma,simran.verma2@email.com,+91-7656439677,1982-10-09,F,Kolkata,West Bengal,India,Trader,249558,839,Verified,2023-06-01
3,Sachin,Das,sachin.das3@email.com,+91-8320763135,1960-01-10,M,Chandigarh,Punjab,India,Architect,1212021,589,Verified,2020-08-17
4,Rajesh,Bose,rajesh.bose4@email.com,+91-9041322270,1963-07-14,M,Mysore,Karnataka,India,Business Owner,2484535,644,Under Review,2020-09-19
5,Amit,Das,amit.das5@email.com,+91-8713658874,1999-02-18,M,Lucknow,Uttar Pradesh,India,Architect,1793880,682,Verified,2023-12-31
6,Simran,Sinha,simran.sinha6@email.com,+91-9379074819,1965-06-05,F,Coimbatore,Tamil Nadu,India,Teacher,584196,753,Verified,2020-02-13
7,Aarav,Singh,aarav.singh7@email.com,+91-8419179580,1991-10-02,M,Delhi,Delhi,India,Consultant,145003,614,Verified,2025-01-28
8,Amit,Ahuja,amit.ahuja8@email.com,+91-8748309234,1981-10-10,M,Indore,Madhya Pradesh,India,Teacher,3488671,822,Verified,2021-05-12
9,Rohit,Ahuja,rohit.ahuja9@email.com,+91-7232663462,1979-05-03,M,Rajkot,Gujarat,India,Government Employee,1806941,819,Verified,2024-11-04
10,Vikas,Pillai,vikas.pillai10@email.com,+91-8926780541,1975-03-22,M,Vadodara,Gujarat,India,Marketing Executive,246295,678,Verified,2021-01-24
11,Meera,Mehta,meera.mehta11@email.com,+91-9321807489,1980-10-01,F,Agra,Uttar Pradesh,India,Teacher,259041,630,Verified,2020-04-13
12,Rajesh,Verma,rajesh.verma12@email.com,+91-7707111048,1978-03-25,M,Delhi,Delhi,India,Lawyer,2494008,785,Pending,2025-01-22
13,Vikas,Mehta,vikas.mehta13@email.com,+91-9387006772,1995-03-04,M,Rajkot,Gujarat,India,Marketing Executive,2498694,796,Pending,2023-11-27
14,Deepak,Nair,deepak.nair14@email.com,+91-9509023674,1969-10-06,M,Delhi,Delhi,India,Software Engineer,3483994,740,Pending,2020-04-27
15,Arjun,Das,arjun.das15@email.com,+91-8734202799,1963-08-05,M,Ahmedabad,Gujarat,India,Retired,384490,614,Verified,2023-10-14
16,Naveen,Kapoor,naveen.kapoor16@email.com,+91-7877286584,1961-10-13,M,Jaipur,Rajasthan,India,Architect,257474,847,Verified,2021-10-09
17,Amit,Mishra,amit.mishra17@email.com,+91-7311570307,1965-11-14,M,Amritsar,Punjab,India,Consultant,809964,741,Verified,2025-03-17
18,Pallavi,Bose,pallavi.bose18@email.com,+91-8498981529,1964-06-26,F,Hyderabad,Telangana,India,Business Owner,3493969,839,Verified,2021-06-27
19,Nikhil,Nair,nikhil.nair19@email.com,+91-9381998678,1967-01-28,M,Mysore,Karnataka,India,Lawyer,3499825,850,Verified,2020-01-17
20,Sanjay,Mehta,sanjay.mehta20@email.com,+91-9597724331,1965-03-06,M,Lucknow,Uttar Pradesh,India,Trader,266256,659,Verified,2021-07-11
21,Divya,Ahuja,divya.ahuja21@email.com,+91-7396418889,1988-06-13,F,Delhi,Delhi,India,Retired,813122,830,Pending,2021-05-29
22,Ananya,Sharma,ananya.sharma22@email.com,+91-9369449369,1974-12-17,F,Surat,Gujarat,India,Marketing Executive,397167,662,Pending,2024-02-27
23,Rohit,Singh,rohit.singh23@email.com,+91-9501859536,1999-08-12,M,Chandigarh,Punjab,India,Sales Manager,415755,598,Under Review,2024-09-05
24,Rahul,Gupta,rahul.gupta24@email.com,+91-8071722055,1961-11-16,M,Mysore,Karnataka,India,Banker,1182614,763,Verified,2021-03-06
25,Tanya,Tiwari,tanya.tiwari25@email.com,+91-8770791023,1987-11-03,F,Pune,Maharashtra,India,Sales Manager,395514,663,Verified,2024-06-26
26,Karan,Tiwari,karan.tiwari26@email.com,+91-7464267175,1995-12-26,M,Nashik,Maharashtra,India,Consultant,597485,661,Pending,2024-05-31
27,Pradeep,Rao,pradeep.rao27@email.com,+91-7957449367,1968-12-13,M,Ahmedabad,Gujarat,India,Retired,2502915,736,Verified,2024-08-07
28,Vikas,Iyer,vikas.iyer28@email.com,+91-8716605598,1972-06-30,M,Patna,Bihar,India,Retired,248292,759,Under Review,2023-08-06
29,Priya,Kumar,priya.kumar29@email.com,+91-9562254028,1999-05-05,F,Chennai,Tamil Nadu,India,Banker,418049,715,Pending,2020-03-19
30,Rekha,Tiwari,rekha.tiwari30@email.com,+91-8872852789,1987-03-12,F,Delhi,Delhi,India,Pharmacist,255244,677,Verified,2021-06-05
31,Nikhil,Tiwari,nikhil.tiwari31@email.com,+91-9178074590,1963-02-20,M,Lucknow,Uttar Pradesh,India,Consultant,1200572,643,Verified,2024-01-14
32,Rekha,Mishra,rekha.mishra32@email.com,+91-8628416575,1991-04-11,F,Mysore,Karnataka,India,Banker,3488341,678,Verified,2022-05-11
33,Lakshmi,Chopra,lakshmi.chopra33@email.com,+91-9605591588,1997-05-25,F,Coimbatore,Tamil Nadu,India,Software Engineer,798803,687,Verified,2022-05-30
34,Jyoti,Sinha,jyoti.sinha34@email.com,+91-8218853328,1990-04-22,F,Bengaluru,Karnataka,India,Teacher,3511010,666,Under Review,2023-09-11
35,Kavya,Rao,kavya.rao35@email.com,+91-8051590706,1990-03-07,F,Delhi,Delhi,India,Banker,593050,655,Pending,2020-02-20
36,Anil,Tiwari,anil.tiwari36@email.com,+91-7633814084,1999-10-01,M,Ahmedabad,Gujarat,India,Consultant,605164,833,Verified,2022-03-29
37,Rahul,Rao,rahul.rao37@email.com,+91-7521231222,1967-11-21,M,Ahmedabad,Gujarat,India,Marketing Executive,3510444,605,Pending,2023-02-15
38,Anil,Ahuja,anil.ahuja38@email.com,+91-8915184358,1983-10-29,M,Vadodara,Gujarat,India,Pharmacist,1209004,838,Verified,2022-05-23
39,Jyoti,Mehta,jyoti.mehta39@email.com,+91-8179387055,1993-09-21,F,Ahmedabad,Gujarat,India,Teacher,814163,828,Pending,2023-07-07
40,Yash,Nair,yash.nair40@email.com,+91-7993260504,1970-07-08,M,Hyderabad,Telangana,India,Banker,1200952,621,Pending,2020-10-10
41,Yash,Joshi,yash.joshi41@email.com,+91-7888346940,1962-11-18,M,Delhi,Delhi,India,Accountant,1801684,818,Pending,2022-05-01
42,Aisha,Bhatia,aisha.bhatia42@email.com,+91-8674979897,1960-11-16,F,Lucknow,Uttar Pradesh,India,Retired,1811259,583,Pending,2021-12-21
43,Pradeep,Rao,pradeep.rao43@email.com,+91-9916892179,1972-03-29,M,Mysore,Karnataka,India,Accountant,2481902,779,Pending,2021-11-19
44,Anil,Gupta,anil.gupta44@email.com,+91-8840877826,1987-11-30,M,Agra,Uttar Pradesh,India,Pharmacist,155822,593,Verified,2020-06-20
45,Meera,Patel,meera.patel45@email.com,+91-8628334692,1971-09-02,F,Nagpur,Maharashtra,India,Accountant,1193871,812,Verified,2021-10-31
46,Ritu,Singh,ritu.singh46@email.com,+91-7294713656,1981-02-04,F,Agra,Uttar Pradesh,India,Software Engineer,3483413,759,Verified,2021-04-04
47,Rajesh,Joshi,rajesh.joshi47@email.com,+91-7491298929,1997-08-23,M,Mysore,Karnataka,India,Software Engineer,395633,644,Under Review,2022-08-27
48,Anil,Bhatia,anil.bhatia48@email.com,+91-8335901990,1971-06-30,M,Pune,Maharashtra,India,Marketing Executive,1190996,638,Verified,2024-05-11
49,Suresh,Bose,suresh.bose49@email.com,+91-9966166331,1990-05-20,M,Coimbatore,Tamil Nadu,India,Trader,1805995,681,Verified,2020-06-04
50,Yash,Nair,yash.nair50@email.com,+91-8839869544,1998-02-21,M,Vadodara,Gujarat,India,Consultant,267088,601,Verified,2021-12-12
51,Ravi,Malhotra,ravi.malhotra51@email.com,+91-9729817240,1975-04-22,M,Chandigarh,Punjab,India,Software Engineer,1812125,634,Pending,2022-06-06
52,Rahul,Verma,rahul.verma52@email.com,+91-9544659112,1992-11-30,M,Kochi,Kerala,India,Pharmacist,815269,827,Verified,2022-08-10
53,Nisha,Singh,nisha.singh53@email.com,+91-9869847630,1972-07-05,F,Visakhapatnam,Andhra Pradesh,India,Trader,2495981,817,Pending,2023-03-13
54,Priya,Shah,priya.shah54@email.com,+91-8461744198,1998-03-04,F,Jaipur,Rajasthan,India,Government Employee,411952,688,Verified,2021-12-27
55,Tanya,Sharma,tanya.sharma55@email.com,+91-8032183433,1983-03-05,F,Vadodara,Gujarat,India,Teacher,245817,788,Pending,2022-09-27
56,Jyoti,Sharma,jyoti.sharma56@email.com,+91-9497762234,1964-03-04,F,Mysore,Karnataka,India,Banker,606502,704,Verified,2021-09-19
57,Tanya,Das,tanya.das57@email.com,+91-8163577186,1975-06-03,F,Surat,Gujarat,India,Accountant,3501678,760,Verified,2023-12-10
58,Nisha,Kumar,nisha.kumar58@email.com,+91-9079617090,1992-05-09,F,Kolkata,West Bengal,India,Teacher,1187835,674,Verified,2021-01-27
59,Sneha,Joshi,sneha.joshi59@email.com,+91-9294092753,1973-04-15,F,Nashik,Maharashtra,India,Teacher,1191759,734,Verified,2020-01-29
60,Ananya,Patel,ananya.patel60@email.com,+91-9465587067,1984-10-27,F,Mumbai,Maharashtra,India,Banker,412170,632,Verified,2024-11-22
61,Neha,Sinha,neha.sinha61@email.com,+91-8721025347,1975-04-14,F,Bengaluru,Karnataka,India,Doctor,146546,824,Pending,2020-08-21
62,Naveen,Malhotra,naveen.malhotra62@email.com,+91-7508745584,1990-10-16,M,Ahmedabad,Gujarat,India,Software Engineer,389777,735,Under Review,2020-06-23
63,Pallavi,Kapoor,pallavi.kapoor63@email.com,+91-8277121963,1995-06-21,F,Surat,Gujarat,India,Architect,614247,774,Under Review,2022-07-11
64,Sunita,Bose,sunita.bose64@email.com,+91-7348697524,1987-11-09,F,Mysore,Karnataka,India,Software Engineer,243617,688,Verified,2021-06-25
65,Manish,Chopra,manish.chopra65@email.com,+91-9018258729,1963-05-14,M,Visakhapatnam,Andhra Pradesh,India,Doctor,156772,810,Verified,2023-11-12
66,Rajesh,Nair,rajesh.nair66@email.com,+91-9684603688,1991-09-17,M,Jaipur,Rajasthan,India,Banker,2484664,699,Under Review,2025-03-07
67,Rahul,Kumar,rahul.kumar67@email.com,+91-7712632936,1984-06-05,M,Delhi,Delhi,India,Teacher,397408,652,Verified,2020-05-26
68,Jyoti,Kumar,jyoti.kumar68@email.com,+91-9120834317,1981-01-09,F,Vadodara,Gujarat,India,Sales Manager,806378,719,Pending,2022-10-21
69,Gaurav,Patel,gaurav.patel69@email.com,+91-7983222878,1999-11-24,M,Bengaluru,Karnataka,India,Accountant,1219564,708,Under Review,2020-02-22
70,Tushar,Mehta,tushar.mehta70@email.com,+91-8194673401,1985-11-06,M,Surat,Gujarat,India,Software Engineer,410834,845,Verified,2023-08-27
71,Shreya,Shah,shreya.shah71@email.com,+91-7449253056,1964-02-03,F,Mysore,Karnataka,India,Lawyer,1206761,750,Verified,2021-10-19
72,Asha,Bhatia,asha.bhatia72@email.com,+91-8350840898,1982-03-23,F,Bengaluru,Karnataka,India,Banker,1816051,598,Verified,2022-07-20
73,Sneha,Mishra,sneha.mishra73@email.com,+91-7805660882,1998-10-18,F,Delhi,Delhi,India,Pharmacist,165559,816,Under Review,2022-04-26
74,Pallavi,Shah,pallavi.shah74@email.com,+91-8237075775,1988-01-20,F,Hyderabad,Telangana,India,Lawyer,143340,716,Pending,2023-01-29
75,Sneha,Sharma,sneha.sharma75@email.com,+91-9371901750,1988-04-05,F,Mumbai,Maharashtra,India,Architect,590379,739,Pending,2023-02-02
76,Rajesh,Kumar,rajesh.kumar76@email.com,+91-8174350979,1980-09-12,M,Nashik,Maharashtra,India,Business Owner,412661,729,Pending,2022-11-08
77,Neha,Rao,neha.rao77@email.com,+91-9182878006,1980-06-27,F,Visakhapatnam,Andhra Pradesh,India,Pharmacist,405138,677,Verified,2025-03-02
78,Amit,Tiwari,amit.tiwari78@email.com,+91-8282287615,1975-03-31,M,Rajkot,Gujarat,India,Trader,3497509,581,Under Review,2021-08-02
79,Pooja,Sinha,pooja.sinha79@email.com,+91-7810255760,1984-02-28,F,Nagpur,Maharashtra,India,Lawyer,1201786,773,Verified,2022-07-21
80,Nisha,Tiwari,nisha.tiwari80@email.com,+91-7653287375,1961-12-16,F,Agra,Uttar Pradesh,India,Government Employee,2504984,777,Pending,2023-09-21
81,Sanjay,Das,sanjay.das81@email.com,+91-7065917432,1986-06-22,M,Surat,Gujarat,India,Government Employee,258855,631,Verified,2022-12-13
82,Shreya,Gupta,shreya.gupta82@email.com,+91-8411178445,1963-05-10,F,Bengaluru,Karnataka,India,Lawyer,802187,783,Under Review,2023-08-23
83,Rekha,Malhotra,rekha.malhotra83@email.com,+91-8008330525,1992-03-28,F,Bengaluru,Karnataka,India,Trader,2515456,598,Verified,2023-06-18
84,Vikram,Tiwari,vikram.tiwari84@email.com,+91-7124327519,1964-05-31,M,Lucknow,Uttar Pradesh,India,Marketing Executive,259076,665,Verified,2023-11-22
85,Ananya,Nair,ananya.nair85@email.com,+91-9430642523,1976-01-30,F,Kochi,Kerala,India,Government Employee,1789540,705,Verified,2022-12-23
86,Manish,Singh,manish.singh86@email.com,+91-7614685938,1987-05-04,M,Coimbatore,Tamil Nadu,India,Retired,1795783,834,Verified,2025-02-12
87,Shreya,Mehta,shreya.mehta87@email.com,+91-7678500147,1980-08-12,F,Vadodara,Gujarat,India,Banker,160490,727,Verified,2023-10-19
88,Geeta,Bose,geeta.bose88@email.com,+91-7855630484,1973-06-02,F,Lucknow,Uttar Pradesh,India,Consultant,1796390,813,Pending,2024-09-27
89,Sneha,Rao,sneha.rao89@email.com,+91-7094229853,1977-02-08,F,Lucknow,Uttar Pradesh,India,Architect,1217670,731,Pending,2023-12-03
90,Priya,Bose,priya.bose90@email.com,+91-7988350974,1998-10-21,F,Lucknow,Uttar Pradesh,India,Consultant,169741,834,Under Review,2024-09-01
91,Nisha,Malhotra,nisha.malhotra91@email.com,+91-9776011793,1968-07-12,F,Agra,Uttar Pradesh,India,Architect,788963,629,Verified,2025-01-24
92,Jyoti,Patel,jyoti.patel92@email.com,+91-8784572192,1985-12-30,F,Rajkot,Gujarat,India,Government Employee,385906,731,Verified,2021-10-31
93,Sanjay,Chopra,sanjay.chopra93@email.com,+91-8103678092,1999-04-25,M,Pune,Maharashtra,India,Government Employee,3512885,719,Pending,2024-08-27
94,Rekha,Kumar,rekha.kumar94@email.com,+91-8570991899,1981-01-03,F,Vadodara,Gujarat,India,Business Owner,394785,783,Verified,2024-09-28
95,Priya,Mehta,priya.mehta95@email.com,+91-9742548209,1984-01-26,F,Bhopal,Madhya Pradesh,India,Business Owner,2504155,714,Verified,2023-04-12
96,Tushar,Rao,tushar.rao96@email.com,+91-9729039064,1981-02-23,M,Bengaluru,Karnataka,India,Software Engineer,3501496,693,Pending,2023-08-19
97,Shreya,Tiwari,shreya.tiwari97@email.com,+91-7417436465,1965-03-26,F,Chennai,Tamil Nadu,India,Doctor,132438,735,Verified,2022-10-05
98,Vikas,Sinha,vikas.sinha98@email.com,+91-9812868150,1976-08-22,M,Kochi,Kerala,India,Consultant,3507467,659,Verified,2024-12-18
99,Pallavi,Tiwari,pallavi.tiwari99@email.com,+91-8557724698,1972-07-19,F,Ahmedabad,Gujarat,India,Software Engineer,1194238,807,Verified,2022-06-29
100,Tanya,Malhotra,tanya.malhotra100@email.com,+91-7393734347,1976-02-02,F,Surat,Gujarat,India,Software Engineer,1798080,677,Verified,2020-09-07
101,Arjun,Iyer,arjun.iyer101@email.com,+91-8000721711,1970-12-04,M,Kolkata,West Bengal,India,Doctor,584496,686,Verified,2023-04-15
102,Gaurav,Sharma,gaurav.sharma102@email.com,+91-7472130062,1972-06-08,M,Pune,Maharashtra,India,Retired,388519,708,Verified,2024-06-23
103,Aarav,Reddy,aarav.reddy103@email.com,+91-8139744790,1995-06-09,M,Pune,Maharashtra,India,Marketing Executive,618591,745,Verified,2020-02-02
104,Rahul,Das,rahul.das104@email.com,+91-9204340231,1965-02-05,M,Chandigarh,Punjab,India,Sales Manager,261211,809,Under Review,2024-05-12
105,Anil,Das,anil.das105@email.com,+91-7133790981,1969-12-08,M,Agra,Uttar Pradesh,India,Architect,164173,734,Verified,2022-07-27
106,Lakshmi,Tiwari,lakshmi.tiwari106@email.com,+91-8383459732,1990-10-11,F,Bengaluru,Karnataka,India,Business Owner,2509069,617,Under Review,2025-01-15
107,Vikram,Gupta,vikram.gupta107@email.com,+91-8266576188,1972-05-02,M,Patna,Bihar,India,Architect,3501311,775,Pending,2023-05-08
108,Sneha,Bhatia,sneha.bhatia108@email.com,+91-8777315761,1965-02-17,F,Ahmedabad,Gujarat,India,Retired,3494091,800,Verified,2022-07-13
109,Lakshmi,Tiwari,lakshmi.tiwari109@email.com,+91-8607610633,1992-09-22,F,Jaipur,Rajasthan,India,Business Owner,1207968,740,Verified,2023-09-24
110,Kavya,Singh,kavya.singh110@email.com,+91-8600506062,1997-04-23,F,Rajkot,Gujarat,India,Business Owner,258303,629,Verified,2024-03-04
111,Naveen,Chopra,naveen.chopra111@email.com,+91-8816499958,1985-03-12,M,Mysore,Karnataka,India,Government Employee,256922,761,Verified,2024-11-24
112,Pallavi,Nair,pallavi.nair112@email.com,+91-7963124353,1975-10-10,F,Indore,Madhya Pradesh,India,Business Owner,3493942,659,Verified,2023-09-06
113,Tanya,Reddy,tanya.reddy113@email.com,+91-9409329326,1965-02-25,F,Kochi,Kerala,India,Marketing Executive,817624,695,Under Review,2024-07-11
114,Gaurav,Ahuja,gaurav.ahuja114@email.com,+91-8327079104,1997-03-16,M,Nashik,Maharashtra,India,Sales Manager,781897,672,Verified,2021-07-13
115,Priya,Verma,priya.verma115@email.com,+91-7131671246,1999-01-07,F,Agra,Uttar Pradesh,India,Doctor,1784560,652,Verified,2024-02-26
116,Vikas,Tiwari,vikas.tiwari116@email.com,+91-9437795758,1980-05-07,M,Nagpur,Maharashtra,India,Government Employee,404251,739,Under Review,2024-01-17
117,Arjun,Gupta,arjun.gupta117@email.com,+91-8821129578,1967-01-23,M,Mysore,Karnataka,India,Marketing Executive,135346,719,Pending,2022-06-26
118,Asha,Mehta,asha.mehta118@email.com,+91-8216534332,1969-09-01,F,Chennai,Tamil Nadu,India,Marketing Executive,3487459,756,Under Review,2022-05-30
119,Simran,Ahuja,simran.ahuja119@email.com,+91-8294586283,1973-11-01,F,Kolkata,West Bengal,India,Software Engineer,605903,608,Verified,2020-01-16
120,Amit,Nair,amit.nair120@email.com,+91-8632978535,1974-09-19,M,Hyderabad,Telangana,India,Business Owner,162596,800,Under Review,2020-12-25
121,Ravi,Chopra,ravi.chopra121@email.com,+91-7181686832,1997-05-19,M,Rajkot,Gujarat,India,Consultant,1184723,783,Pending,2024-10-30
122,Anil,Singh,anil.singh122@email.com,+91-8793981895,1998-09-02,M,Agra,Uttar Pradesh,India,Government Employee,1817578,787,Verified,2023-12-24
123,Vikas,Sharma,vikas.sharma123@email.com,+91-8045036297,1974-07-27,M,Chennai,Tamil Nadu,India,Doctor,2503714,625,Pending,2022-06-13
124,Simran,Singh,simran.singh124@email.com,+91-7722124509,1977-10-02,F,Amritsar,Punjab,India,Retired,802250,693,Verified,2021-11-13
125,Ravi,Das,ravi.das125@email.com,+91-7628973138,1968-09-11,M,Chennai,Tamil Nadu,India,Trader,1203009,655,Verified,2021-04-28
126,Manish,Kapoor,manish.kapoor126@email.com,+91-9421225455,1966-11-09,M,Amritsar,Punjab,India,Marketing Executive,241609,832,Under Review,2022-08-08
127,Komal,Bose,komal.bose127@email.com,+91-9014000727,1988-11-03,F,Bengaluru,Karnataka,India,Consultant,1200718,657,Pending,2022-06-19
128,Ritu,Bose,ritu.bose128@email.com,+91-7161521910,1962-07-09,F,Surat,Gujarat,India,Government Employee,3484862,738,Verified,2022-08-03
129,Sunita,Singh,sunita.singh129@email.com,+91-9492495810,1988-12-01,F,Surat,Gujarat,India,Retired,268933,839,Under Review,2022-02-26
130,Anil,Bose,anil.bose130@email.com,+91-7265745534,1989-03-28,M,Hyderabad,Telangana,India,Teacher,1219649,823,Pending,2022-10-23
131,Karan,Bhatia,karan.bhatia131@email.com,+91-8887302225,1963-10-13,M,Surat,Gujarat,India,Pharmacist,382565,706,Under Review,2023-12-20
132,Nikhil,Reddy,nikhil.reddy132@email.com,+91-9780155330,1972-09-08,M,Agra,Uttar Pradesh,India,Accountant,1802175,606,Verified,2024-06-04
133,Karan,Kumar,karan.kumar133@email.com,+91-9588580274,1985-01-10,M,Mysore,Karnataka,India,Consultant,1798621,709,Verified,2024-01-22
134,Kavya,Bose,kavya.bose134@email.com,+91-7363865392,1989-10-07,F,Visakhapatnam,Andhra Pradesh,India,Doctor,1200331,780,Verified,2020-09-21
135,Shreya,Iyer,shreya.iyer135@email.com,+91-7078299575,1996-06-23,F,Chandigarh,Punjab,India,Doctor,3486124,796,Verified,2022-11-07
136,Meera,Joshi,meera.joshi136@email.com,+91-7331421524,1975-04-30,F,Hyderabad,Telangana,India,Marketing Executive,2492583,695,Verified,2020-10-08
137,Ravi,Chopra,ravi.chopra137@email.com,+91-9654424954,1997-06-17,M,Amritsar,Punjab,India,Sales Manager,3482473,752,Verified,2024-11-29
138,Pooja,Verma,pooja.verma138@email.com,+91-9904956613,1968-02-10,F,Chandigarh,Punjab,India,Retired,408683,602,Verified,2022-04-21
139,Pallavi,Nair,pallavi.nair139@email.com,+91-7833293142,1993-10-01,F,Indore,Madhya Pradesh,India,Sales Manager,2495335,702,Verified,2021-09-25
140,Jyoti,Nair,jyoti.nair140@email.com,+91-9597009738,1994-11-26,F,Kolkata,West Bengal,India,Accountant,3514567,794,Verified,2020-11-27
141,Ananya,Malhotra,ananya.malhotra141@email.com,+91-7535486944,1981-07-22,F,Patna,Bihar,India,Retired,1216342,632,Verified,2023-12-27
142,Manish,Mehta,manish.mehta142@email.com,+91-8937579958,1980-02-26,M,Ahmedabad,Gujarat,India,Trader,3489656,803,Verified,2020-07-06
143,Rahul,Patel,rahul.patel143@email.com,+91-7964386641,1977-10-13,M,Chandigarh,Punjab,India,Pharmacist,1195451,777,Verified,2020-06-16
144,Sneha,Bhatia,sneha.bhatia144@email.com,+91-9989606411,1989-02-25,F,Indore,Madhya Pradesh,India,Government Employee,389017,599,Verified,2021-08-10
145,Jyoti,Kapoor,jyoti.kapoor145@email.com,+91-9357096258,1960-03-27,F,Hyderabad,Telangana,India,Trader,231245,711,Under Review,2021-03-17
146,Sneha,Nair,sneha.nair146@email.com,+91-9674951016,1970-08-29,F,Agra,Uttar Pradesh,India,Banker,233129,702,Pending,2022-05-09
147,Rohit,Shah,rohit.shah147@email.com,+91-8251003660,1986-10-07,M,Hyderabad,Telangana,India,Pharmacist,163775,703,Pending,2024-01-11
148,Gaurav,Reddy,gaurav.reddy148@email.com,+91-7290680473,1970-10-16,M,Chandigarh,Punjab,India,Architect,1792275,623,Under Review,2022-12-08
149,Vikas,Shah,vikas.shah149@email.com,+91-8533706498,1961-12-14,M,Mumbai,Maharashtra,India,Consultant,1804464,709,Verified,2024-03-10
150,Nisha,Pillai,nisha.pillai150@email.com,+91-8513112872,1989-06-22,F,Delhi,Delhi,India,Consultant,268135,750,Under Review,2020-09-30
151,Shreya,Verma,shreya.verma151@email.com,+91-7271014739,1997-04-01,F,Hyderabad,Telangana,India,Marketing Executive,2511361,673,Pending,2024-07-19
152,Suresh,Joshi,suresh.joshi152@email.com,+91-9213555655,1961-12-18,M,Lucknow,Uttar Pradesh,India,Marketing Executive,582746,741,Pending,2025-03-26
153,Ritu,Patel,ritu.patel153@email.com,+91-7205316740,1993-10-15,F,Amritsar,Punjab,India,Consultant,598750,762,Verified,2024-10-31
154,Sneha,Reddy,sneha.reddy154@email.com,+91-9131176633,1979-08-08,F,Pune,Maharashtra,India,Trader,1808818,777,Pending,2021-11-25
155,Simran,Mehta,simran.mehta155@email.com,+91-9342794700,1995-12-09,F,Pune,Maharashtra,India,Business Owner,1785172,800,Verified,2023-05-18
156,Sneha,Singh,sneha.singh156@email.com,+91-8830154607,1974-09-16,F,Nashik,Maharashtra,India,Consultant,800086,808,Verified,2023-05-19
157,Geeta,Sinha,geeta.sinha157@email.com,+91-7322299355,1961-11-24,F,Delhi,Delhi,India,Sales Manager,1208504,720,Pending,2023-08-02
158,Simran,Pillai,simran.pillai158@email.com,+91-7288765093,1990-06-23,F,Hyderabad,Telangana,India,Doctor,139357,804,Verified,2020-03-12
159,Geeta,Mishra,geeta.mishra159@email.com,+91-7330220406,1985-06-11,F,Surat,Gujarat,India,Software Engineer,409486,769,Under Review,2022-01-31
160,Ravi,Reddy,ravi.reddy160@email.com,+91-7799070274,1977-11-08,M,Rajkot,Gujarat,India,Government Employee,796358,638,Pending,2020-02-23
161,Tanya,Kumar,tanya.kumar161@email.com,+91-9980624159,1971-09-28,F,Lucknow,Uttar Pradesh,India,Marketing Executive,809246,689,Pending,2023-06-07
162,Rohit,Gupta,rohit.gupta162@email.com,+91-8372619017,1998-04-03,M,Mysore,Karnataka,India,Business Owner,2491315,807,Verified,2020-06-28
163,Sachin,Chopra,sachin.chopra163@email.com,+91-9185089287,1973-01-09,M,Chandigarh,Punjab,India,Trader,790322,669,Verified,2024-06-13
164,Deepak,Gupta,deepak.gupta164@email.com,+91-8584461407,1970-08-14,M,Coimbatore,Tamil Nadu,India,Marketing Executive,2481722,764,Pending,2023-02-08
165,Gaurav,Singh,gaurav.singh165@email.com,+91-8758503592,1962-12-13,M,Amritsar,Punjab,India,Banker,1811369,849,Under Review,2022-04-21
166,Sanjay,Iyer,sanjay.iyer166@email.com,+91-9367830246,1988-10-24,M,Hyderabad,Telangana,India,Business Owner,2510528,844,Under Review,2021-12-06
167,Sanjay,Tiwari,sanjay.tiwari167@email.com,+91-7707196784,1982-07-22,M,Lucknow,Uttar Pradesh,India,Trader,138137,845,Verified,2020-11-09
168,Swati,Rao,swati.rao168@email.com,+91-9365845882,1975-07-10,F,Agra,Uttar Pradesh,India,Pharmacist,785168,708,Verified,2021-02-06
169,Harsh,Nair,harsh.nair169@email.com,+91-7662259333,1987-07-24,M,Coimbatore,Tamil Nadu,India,Pharmacist,262936,666,Verified,2023-04-27
170,Aisha,Patel,aisha.patel170@email.com,+91-9477213586,1997-01-06,F,Amritsar,Punjab,India,Retired,135323,603,Verified,2023-08-06
171,Naveen,Tiwari,naveen.tiwari171@email.com,+91-9074232200,1987-09-23,M,Lucknow,Uttar Pradesh,India,Consultant,162639,728,Verified,2023-08-07
172,Sunita,Sinha,sunita.sinha172@email.com,+91-8994763896,1963-04-10,F,Indore,Madhya Pradesh,India,Sales Manager,140359,805,Verified,2022-05-01
173,Pallavi,Gupta,pallavi.gupta173@email.com,+91-8591458030,1974-01-08,F,Amritsar,Punjab,India,Retired,1202634,784,Under Review,2020-09-24
174,Karan,Rao,karan.rao174@email.com,+91-7217348079,1980-12-03,M,Chennai,Tamil Nadu,India,Business Owner,809464,706,Verified,2020-10-15
175,Pallavi,Tiwari,pallavi.tiwari175@email.com,+91-7684370461,1971-02-19,F,Amritsar,Punjab,India,Retired,401458,740,Pending,2021-01-23
176,Neha,Nair,neha.nair176@email.com,+91-7924038246,1982-04-23,F,Ahmedabad,Gujarat,India,Software Engineer,255771,838,Under Review,2022-07-25
177,Ananya,Patel,ananya.patel177@email.com,+91-8850820685,1972-08-14,F,Chennai,Tamil Nadu,India,Lawyer,2498726,584,Verified,2024-10-01
178,Geeta,Mishra,geeta.mishra178@email.com,+91-8239534867,1976-05-31,F,Vadodara,Gujarat,India,Software Engineer,1783352,679,Verified,2022-01-12
179,Simran,Sinha,simran.sinha179@email.com,+91-8602874642,1994-04-15,F,Bhopal,Madhya Pradesh,India,Pharmacist,787786,645,Verified,2020-07-17
180,Pooja,Joshi,pooja.joshi180@email.com,+91-7588566728,1987-01-09,F,Delhi,Delhi,India,Pharmacist,1812773,600,Verified,2020-04-02
181,Simran,Sinha,simran.sinha181@email.com,+91-8368076065,1966-09-06,F,Visakhapatnam,Andhra Pradesh,India,Architect,3489160,747,Verified,2025-03-22
182,Pallavi,Pillai,pallavi.pillai182@email.com,+91-9417741295,1997-10-18,F,Indore,Madhya Pradesh,India,Banker,1213247,840,Verified,2022-12-26
183,Priya,Reddy,priya.reddy183@email.com,+91-9955124970,1974-11-10,F,Rajkot,Gujarat,India,Consultant,257298,737,Verified,2024-06-19
184,Ritu,Malhotra,ritu.malhotra184@email.com,+91-9701642822,1995-02-13,F,Patna,Bihar,India,Marketing Executive,583365,825,Under Review,2020-12-15
185,Pooja,Ahuja,pooja.ahuja185@email.com,+91-8798647685,1970-11-12,F,Nagpur,Maharashtra,India,Software Engineer,242503,589,Verified,2022-06-22
186,Swati,Joshi,swati.joshi186@email.com,+91-9408990341,1978-05-29,F,Kolkata,West Bengal,India,Pharmacist,2484081,650,Verified,2022-11-28
187,Simran,Mishra,simran.mishra187@email.com,+91-9902833426,1974-01-27,F,Chandigarh,Punjab,India,Doctor,2514939,755,Verified,2023-01-23
188,Divya,Rao,divya.rao188@email.com,+91-7890251346,1972-07-07,F,Lucknow,Uttar Pradesh,India,Pharmacist,794736,732,Pending,2024-04-28
189,Neha,Reddy,neha.reddy189@email.com,+91-9332987057,1985-02-21,F,Mysore,Karnataka,India,Trader,798860,642,Pending,2023-03-20
190,Geeta,Gupta,geeta.gupta190@email.com,+91-9817378520,1973-01-10,F,Surat,Gujarat,India,Software Engineer,785179,757,Verified,2025-03-07
191,Divya,Joshi,divya.joshi191@email.com,+91-9644312718,1997-02-20,F,Chennai,Tamil Nadu,India,Pharmacist,816832,719,Under Review,2020-10-08
192,Rajesh,Patel,rajesh.patel192@email.com,+91-8775115854,1990-01-17,M,Chennai,Tamil Nadu,India,Trader,3494789,699,Verified,2020-04-17
193,Sneha,Ahuja,sneha.ahuja193@email.com,+91-9043114400,1994-07-29,F,Agra,Uttar Pradesh,India,Doctor,166067,660,Pending,2022-04-13
194,Suresh,Iyer,suresh.iyer194@email.com,+91-7160194739,1972-10-20,M,Rajkot,Gujarat,India,Consultant,135862,698,Verified,2022-12-31
195,Meera,Patel,meera.patel195@email.com,+91-7039802179,1997-07-05,F,Delhi,Delhi,India,Accountant,2492210,728,Verified,2024-11-30
196,Karan,Nair,karan.nair196@email.com,+91-9165576952,1980-05-19,M,Hyderabad,Telangana,India,Consultant,3514361,832,Pending,2024-12-26
197,Divya,Kumar,divya.kumar197@email.com,+91-8447885778,1974-10-31,F,Rajkot,Gujarat,India,Doctor,2496860,675,Verified,2020-01-29
198,Manish,Kapoor,manish.kapoor198@email.com,+91-8721565695,1998-05-28,M,Bengaluru,Karnataka,India,Consultant,1808029,843,Verified,2021-11-02
199,Sanjay,Shah,sanjay.shah199@email.com,+91-8918714457,1974-07-07,M,Ahmedabad,Gujarat,India,Trader,580447,713,Verified,2022-02-24
200,Sunita,Bose,sunita.bose200@email.com,+91-7266821961,1992-06-04,F,Ahmedabad,Gujarat,India,Architect,147141,764,Verified,2023-11-19
201,Sunita,Verma,sunita.verma201@email.com,+91-8578589030,1978-03-09,F,Lucknow,Uttar Pradesh,India,Consultant,3500380,640,Under Review,2023-08-01
202,Rajesh,Gupta,rajesh.gupta202@email.com,+91-9358944233,1981-06-13,M,Nashik,Maharashtra,India,Doctor,2519697,771,Pending,2022-05-01
203,Rajesh,Ahuja,rajesh.ahuja203@email.com,+91-8553854176,1993-11-08,M,Nashik,Maharashtra,India,Architect,264439,808,Verified,2022-12-17
204,Arjun,Chopra,arjun.chopra204@email.com,+91-9234849897,2000-07-01,M,Nagpur,Maharashtra,India,Pharmacist,617532,656,Pending,2020-12-02
205,Tushar,Joshi,tushar.joshi205@email.com,+91-8947476917,1992-02-27,M,Delhi,Delhi,India,Architect,2485959,841,Verified,2022-07-01
206,Jyoti,Bose,jyoti.bose206@email.com,+91-7012951344,1962-08-03,F,Jaipur,Rajasthan,India,Pharmacist,2500196,591,Verified,2022-03-21
207,Arjun,Tiwari,arjun.tiwari207@email.com,+91-9027530378,1975-06-15,M,Bengaluru,Karnataka,India,Sales Manager,265465,610,Verified,2025-03-29
208,Asha,Verma,asha.verma208@email.com,+91-8613385303,1994-06-29,F,Bhopal,Madhya Pradesh,India,Doctor,1804540,775,Verified,2022-07-07
209,Harsh,Reddy,harsh.reddy209@email.com,+91-7956447193,1965-04-27,M,Rajkot,Gujarat,India,Doctor,3505759,850,Verified,2020-09-17
210,Suresh,Sinha,suresh.sinha210@email.com,+91-8063056115,1990-03-18,M,Ahmedabad,Gujarat,India,Sales Manager,3507795,774,Pending,2024-08-13
211,Pooja,Mehta,pooja.mehta211@email.com,+91-7067198189,1968-06-15,F,Amritsar,Punjab,India,Trader,232111,794,Verified,2023-06-13
212,Vikram,Kumar,vikram.kumar212@email.com,+91-7189995314,1986-08-23,M,Rajkot,Gujarat,India,Software Engineer,2519176,604,Pending,2021-05-16
213,Nisha,Chopra,nisha.chopra213@email.com,+91-9474375067,1969-09-29,F,Ahmedabad,Gujarat,India,Marketing Executive,139183,837,Verified,2021-08-15
214,Nisha,Nair,nisha.nair214@email.com,+91-7261811056,1999-04-22,F,Jaipur,Rajasthan,India,Doctor,3494486,791,Under Review,2021-09-07
215,Harsh,Ahuja,harsh.ahuja215@email.com,+91-8637046672,1979-03-01,M,Mysore,Karnataka,India,Pharmacist,2483072,756,Under Review,2023-08-10
216,Swati,Tiwari,swati.tiwari216@email.com,+91-9033747850,1978-04-24,F,Vadodara,Gujarat,India,Doctor,804671,674,Verified,2024-03-25
217,Suresh,Bhatia,suresh.bhatia217@email.com,+91-9276297510,1966-06-23,M,Vadodara,Gujarat,India,Marketing Executive,2483776,791,Verified,2022-05-03
218,Nisha,Mehta,nisha.mehta218@email.com,+91-7818112342,1969-02-13,F,Vadodara,Gujarat,India,Government Employee,259477,769,Verified,2020-07-08
219,Lakshmi,Ahuja,lakshmi.ahuja219@email.com,+91-9523652725,1987-02-19,F,Amritsar,Punjab,India,Architect,134769,676,Under Review,2024-07-05
220,Pradeep,Joshi,pradeep.joshi220@email.com,+91-7503869216,1999-01-01,M,Kolkata,West Bengal,India,Trader,1199869,587,Pending,2021-03-09
221,Yash,Kapoor,yash.kapoor221@email.com,+91-8634929736,1991-07-27,M,Lucknow,Uttar Pradesh,India,Teacher,1795684,744,Pending,2024-05-07
222,Sunita,Mehta,sunita.mehta222@email.com,+91-9016446001,1976-02-18,F,Rajkot,Gujarat,India,Pharmacist,2510540,630,Verified,2024-07-02
223,Nikhil,Iyer,nikhil.iyer223@email.com,+91-9508397912,1978-07-26,M,Vadodara,Gujarat,India,Software Engineer,589563,588,Under Review,2021-06-18
224,Sunita,Gupta,sunita.gupta224@email.com,+91-9811519776,1968-10-19,F,Vadodara,Gujarat,India,Government Employee,604893,705,Verified,2022-10-19
225,Neha,Pillai,neha.pillai225@email.com,+91-7726990714,1988-10-13,F,Chandigarh,Punjab,India,Sales Manager,2510200,666,Verified,2024-02-09
226,Meera,Chopra,meera.chopra226@email.com,+91-7208367732,1988-10-15,F,Mysore,Karnataka,India,Software Engineer,3482216,618,Verified,2024-08-02
227,Pooja,Malhotra,pooja.malhotra227@email.com,+91-8602884797,1970-05-19,F,Surat,Gujarat,India,Business Owner,380599,691,Verified,2022-11-01
228,Komal,Shah,komal.shah228@email.com,+91-9273831457,1960-09-14,F,Mumbai,Maharashtra,India,Software Engineer,3516152,790,Verified,2020-01-25
229,Priya,Das,priya.das229@email.com,+91-9252218154,1996-06-22,F,Chennai,Tamil Nadu,India,Sales Manager,1791748,634,Verified,2025-02-23
230,Deepak,Kapoor,deepak.kapoor230@email.com,+91-8743874444,1983-08-13,M,Chandigarh,Punjab,India,Banker,1197519,783,Pending,2020-06-10
231,Yash,Rao,yash.rao231@email.com,+91-8619930972,1973-06-15,M,Bhopal,Madhya Pradesh,India,Consultant,232076,627,Under Review,2022-04-10
232,Ananya,Malhotra,ananya.malhotra232@email.com,+91-9769855512,1960-06-03,F,Kochi,Kerala,India,Sales Manager,385418,835,Verified,2024-09-27
233,Ravi,Patel,ravi.patel233@email.com,+91-9939599052,1970-04-22,M,Bengaluru,Karnataka,India,Teacher,2497766,603,Verified,2025-03-07
234,Manish,Iyer,manish.iyer234@email.com,+91-9422182038,1960-09-13,M,Pune,Maharashtra,India,Teacher,406102,619,Verified,2021-09-04
235,Komal,Chopra,komal.chopra235@email.com,+91-7230624431,1974-11-18,F,Chandigarh,Punjab,India,Accountant,385139,836,Verified,2024-03-06
236,Nisha,Singh,nisha.singh236@email.com,+91-8935098341,1975-04-12,F,Jaipur,Rajasthan,India,Architect,1801389,595,Pending,2023-07-22
237,Nikhil,Chopra,nikhil.chopra237@email.com,+91-9656935034,1976-11-02,M,Amritsar,Punjab,India,Accountant,418395,774,Verified,2020-06-24
238,Yash,Singh,yash.singh238@email.com,+91-8360122653,1963-09-06,M,Bhopal,Madhya Pradesh,India,Banker,404903,658,Verified,2024-02-23
239,Vikram,Sharma,vikram.sharma239@email.com,+91-7804841598,1973-10-29,M,Bengaluru,Karnataka,India,Lawyer,1197679,632,Pending,2020-09-28
240,Tanya,Chopra,tanya.chopra240@email.com,+91-7399707954,1982-12-26,F,Vadodara,Gujarat,India,Accountant,231721,625,Under Review,2021-12-25
241,Lakshmi,Sharma,lakshmi.sharma241@email.com,+91-7728353118,1973-02-02,F,Patna,Bihar,India,Accountant,1785550,704,Pending,2023-03-17
242,Sanjay,Mehta,sanjay.mehta242@email.com,+91-8185247208,1973-07-04,M,Kochi,Kerala,India,Banker,2489563,612,Pending,2020-12-08
243,Neha,Singh,neha.singh243@email.com,+91-7581923103,1976-03-13,F,Chennai,Tamil Nadu,India,Banker,612492,680,Verified,2022-07-26
244,Vikas,Iyer,vikas.iyer244@email.com,+91-9796181989,1997-10-01,M,Kochi,Kerala,India,Architect,1801596,805,Under Review,2021-11-16
245,Suresh,Iyer,suresh.iyer245@email.com,+91-8370685826,1987-01-22,M,Bhopal,Madhya Pradesh,India,Sales Manager,611392,740,Verified,2020-12-29
246,Aisha,Rao,aisha.rao246@email.com,+91-7858134663,1974-08-14,F,Coimbatore,Tamil Nadu,India,Accountant,805751,766,Under Review,2020-08-21
247,Tushar,Chopra,tushar.chopra247@email.com,+91-9975704877,1961-03-16,M,Lucknow,Uttar Pradesh,India,Sales Manager,2493739,804,Verified,2024-06-21
248,Komal,Shah,komal.shah248@email.com,+91-8817320723,1966-03-30,F,Hyderabad,Telangana,India,Consultant,795861,709,Pending,2023-09-10
249,Anil,Kapoor,anil.kapoor249@email.com,+91-8796587803,1981-06-30,M,Nashik,Maharashtra,India,Architect,1815020,839,Under Review,2025-03-06
250,Nikhil,Bhatia,nikhil.bhatia250@email.com,+91-8066143895,2000-03-02,M,Amritsar,Punjab,India,Marketing Executive,3518916,623,Verified,2020-08-11
251,Harsh,Kapoor,harsh.kapoor251@email.com,+91-7423511939,1961-12-26,M,Mumbai,Maharashtra,India,Architect,1801731,800,Verified,2020-08-04
252,Ravi,Pillai,ravi.pillai252@email.com,+91-9918668580,1983-04-09,M,Surat,Gujarat,India,Pharmacist,609214,771,Under Review,2022-03-12
253,Nikhil,Sharma,nikhil.sharma253@email.com,+91-7608490241,1981-08-27,M,Rajkot,Gujarat,India,Business Owner,807261,623,Verified,2020-08-25
254,Rekha,Sinha,rekha.sinha254@email.com,+91-8881908383,1995-03-07,F,Chennai,Tamil Nadu,India,Teacher,3511649,758,Pending,2022-09-02
255,Kavya,Nair,kavya.nair255@email.com,+91-9908291293,1962-01-02,F,Chennai,Tamil Nadu,India,Marketing Executive,231480,755,Verified,2023-08-20
256,Ravi,Verma,ravi.verma256@email.com,+91-8739665472,1984-10-03,M,Ahmedabad,Gujarat,India,Doctor,1216690,798,Verified,2022-08-04
257,Harsh,Ahuja,harsh.ahuja257@email.com,+91-8670036982,1979-05-21,M,Kochi,Kerala,India,Accountant,142931,810,Verified,2023-04-27
258,Deepak,Mehta,deepak.mehta258@email.com,+91-7802986386,1993-09-30,M,Vadodara,Gujarat,India,Sales Manager,267837,632,Verified,2024-06-25
259,Divya,Sinha,divya.sinha259@email.com,+91-9625549685,1965-02-10,F,Bhopal,Madhya Pradesh,India,Banker,2514584,740,Pending,2023-05-07
260,Nikhil,Reddy,nikhil.reddy260@email.com,+91-8345122542,1997-12-04,M,Hyderabad,Telangana,India,Lawyer,399493,623,Verified,2023-10-08
261,Suresh,Kumar,suresh.kumar261@email.com,+91-7592135522,1968-03-18,M,Visakhapatnam,Andhra Pradesh,India,Government Employee,413477,778,Under Review,2022-05-06
262,Asha,Verma,asha.verma262@email.com,+91-7602569046,1981-10-30,F,Lucknow,Uttar Pradesh,India,Consultant,3491353,665,Verified,2022-09-29
263,Jyoti,Kapoor,jyoti.kapoor263@email.com,+91-8649027664,1962-05-28,F,Kolkata,West Bengal,India,Retired,1180628,828,Under Review,2020-10-06
264,Asha,Ahuja,asha.ahuja264@email.com,+91-7132545712,1982-01-21,F,Coimbatore,Tamil Nadu,India,Accountant,2512027,665,Verified,2020-06-18
265,Ananya,Mehta,ananya.mehta265@email.com,+91-9127354612,1970-01-31,F,Rajkot,Gujarat,India,Pharmacist,791023,814,Under Review,2023-03-04
266,Naveen,Kumar,naveen.kumar266@email.com,+91-8895655026,1972-01-07,M,Rajkot,Gujarat,India,Marketing Executive,3504042,601,Under Review,2024-04-05
267,Rahul,Kumar,rahul.kumar267@email.com,+91-8497126699,1993-01-05,M,Jaipur,Rajasthan,India,Retired,599510,596,Verified,2022-07-10
268,Sneha,Rao,sneha.rao268@email.com,+91-7598009614,1969-05-31,F,Visakhapatnam,Andhra Pradesh,India,Marketing Executive,1219994,799,Verified,2020-12-05
269,Arjun,Bose,arjun.bose269@email.com,+91-8256856463,1975-09-26,M,Nashik,Maharashtra,India,Pharmacist,819115,666,Verified,2021-10-24
270,Simran,Ahuja,simran.ahuja270@email.com,+91-7544980513,1996-07-25,F,Agra,Uttar Pradesh,India,Business Owner,406974,610,Verified,2021-07-21
271,Sanjay,Bhatia,sanjay.bhatia271@email.com,+91-9716145826,1974-06-13,M,Coimbatore,Tamil Nadu,India,Retired,605736,830,Verified,2020-10-18
272,Lakshmi,Sinha,lakshmi.sinha272@email.com,+91-9983729287,1963-05-22,F,Jaipur,Rajasthan,India,Consultant,256401,843,Verified,2024-03-15
273,Neha,Iyer,neha.iyer273@email.com,+91-9295335613,1986-02-07,F,Bengaluru,Karnataka,India,Software Engineer,260044,763,Pending,2024-10-07
274,Rahul,Joshi,rahul.joshi274@email.com,+91-7560898021,1982-03-11,M,Coimbatore,Tamil Nadu,India,Banker,1198585,752,Under Review,2023-01-25
275,Rekha,Ahuja,rekha.ahuja275@email.com,+91-7678534043,1994-03-11,F,Chennai,Tamil Nadu,India,Software Engineer,136525,815,Pending,2020-02-03
276,Priya,Tiwari,priya.tiwari276@email.com,+91-7400892179,1969-01-27,F,Jaipur,Rajasthan,India,Sales Manager,399783,661,Verified,2024-11-25
277,Kavya,Reddy,kavya.reddy277@email.com,+91-8005640129,1989-10-22,F,Lucknow,Uttar Pradesh,India,Trader,383393,782,Pending,2023-07-05
278,Yash,Kumar,yash.kumar278@email.com,+91-9230996082,1960-01-18,M,Ahmedabad,Gujarat,India,Teacher,2485107,647,Pending,2023-04-30
279,Aarav,Bhatia,aarav.bhatia279@email.com,+91-7983319304,1975-05-31,M,Bengaluru,Karnataka,India,Retired,257676,647,Pending,2022-09-05
280,Rohit,Kumar,rohit.kumar280@email.com,+91-7571858688,1974-01-20,M,Amritsar,Punjab,India,Government Employee,788986,775,Verified,2024-05-03
281,Ravi,Bose,ravi.bose281@email.com,+91-9697583218,1960-05-18,M,Kolkata,West Bengal,India,Architect,408842,759,Verified,2024-01-19
282,Pallavi,Ahuja,pallavi.ahuja282@email.com,+91-7528956230,1979-11-05,F,Amritsar,Punjab,India,Retired,585681,631,Under Review,2020-10-13
283,Geeta,Tiwari,geeta.tiwari283@email.com,+91-8065869250,1974-02-08,F,Bengaluru,Karnataka,India,Marketing Executive,396238,721,Under Review,2023-08-13
284,Swati,Sharma,swati.sharma284@email.com,+91-7810230640,1998-01-12,F,Patna,Bihar,India,Retired,793464,845,Pending,2023-05-27
285,Shreya,Patel,shreya.patel285@email.com,+91-9145690670,1995-02-27,F,Ahmedabad,Gujarat,India,Trader,612432,777,Under Review,2020-08-18
286,Ravi,Sharma,ravi.sharma286@email.com,+91-8807595119,1976-03-13,M,Coimbatore,Tamil Nadu,India,Trader,1188649,778,Verified,2024-10-28
287,Pradeep,Singh,pradeep.singh287@email.com,+91-7259711746,1960-09-30,M,Delhi,Delhi,India,Architect,230903,714,Pending,2021-03-17
288,Shreya,Bhatia,shreya.bhatia288@email.com,+91-9304528350,1982-06-23,F,Agra,Uttar Pradesh,India,Marketing Executive,1807759,785,Under Review,2020-06-17
289,Amit,Singh,amit.singh289@email.com,+91-8678179022,1973-11-25,M,Nagpur,Maharashtra,India,Business Owner,3493316,659,Under Review,2023-01-03
290,Suresh,Bhatia,suresh.bhatia290@email.com,+91-7498158588,1979-08-16,M,Kochi,Kerala,India,Sales Manager,583794,705,Pending,2020-06-25
291,Suresh,Ahuja,suresh.ahuja291@email.com,+91-7048750473,1993-04-08,M,Hyderabad,Telangana,India,Consultant,387827,586,Verified,2023-12-20
292,Geeta,Das,geeta.das292@email.com,+91-8154334685,1983-03-15,F,Rajkot,Gujarat,India,Marketing Executive,790942,770,Verified,2020-09-16
293,Karan,Tiwari,karan.tiwari293@email.com,+91-9193791472,1972-03-14,M,Surat,Gujarat,India,Pharmacist,247232,619,Verified,2022-10-13
294,Pradeep,Bose,pradeep.bose294@email.com,+91-9895325210,1967-06-27,M,Coimbatore,Tamil Nadu,India,Government Employee,396719,632,Verified,2025-01-05
295,Ravi,Sharma,ravi.sharma295@email.com,+91-8644884312,1961-12-22,M,Chandigarh,Punjab,India,Retired,146026,603,Verified,2022-08-24
296,Arjun,Chopra,arjun.chopra296@email.com,+91-8374110948,1996-01-10,M,Kochi,Kerala,India,Trader,1794713,744,Verified,2021-05-23
297,Naveen,Reddy,naveen.reddy297@email.com,+91-7197261797,1965-05-10,M,Patna,Bihar,India,Pharmacist,141753,694,Pending,2024-07-05
298,Anil,Nair,anil.nair298@email.com,+91-7034227351,1994-09-12,M,Surat,Gujarat,India,Retired,801449,624,Verified,2023-02-06
299,Suresh,Bose,suresh.bose299@email.com,+91-7839332926,1995-03-11,M,Indore,Madhya Pradesh,India,Banker,610403,768,Under Review,2023-04-26
300,Sanjay,Sharma,sanjay.sharma300@email.com,+91-7041209408,1978-05-24,M,Nashik,Maharashtra,India,Software Engineer,615490,757,Verified,2023-07-26
301,Tushar,Mishra,tushar.mishra301@email.com,+91-8803095297,1998-01-31,M,Ahmedabad,Gujarat,India,Sales Manager,786812,685,Pending,2022-12-21
302,Sanjay,Bhatia,sanjay.bhatia302@email.com,+91-8599840853,1972-07-20,M,Nashik,Maharashtra,India,Business Owner,145169,846,Pending,2022-04-25
303,Naveen,Kumar,naveen.kumar303@email.com,+91-7561387824,1982-09-02,M,Mysore,Karnataka,India,Doctor,1784904,611,Verified,2022-06-09
304,Ritu,Iyer,ritu.iyer304@email.com,+91-7320780067,1995-12-03,F,Ahmedabad,Gujarat,India,Accountant,1200844,811,Verified,2021-07-10
305,Naveen,Kumar,naveen.kumar305@email.com,+91-7518560332,1966-12-21,M,Kochi,Kerala,India,Business Owner,409462,818,Under Review,2021-10-05
306,Divya,Sinha,divya.sinha306@email.com,+91-8306593403,1973-10-30,F,Mysore,Karnataka,India,Lawyer,787858,626,Under Review,2020-11-18
307,Deepak,Iyer,deepak.iyer307@email.com,+91-9908480456,1966-08-27,M,Delhi,Delhi,India,Business Owner,603313,782,Verified,2022-11-17
308,Meera,Sharma,meera.sharma308@email.com,+91-7437688716,1978-02-20,F,Surat,Gujarat,India,Retired,2516434,707,Verified,2020-07-12
309,Aarav,Patel,aarav.patel309@email.com,+91-8598757527,1997-03-31,M,Bhopal,Madhya Pradesh,India,Marketing Executive,588566,681,Verified,2024-08-13
310,Kavya,Sharma,kavya.sharma310@email.com,+91-7526252306,1962-11-22,F,Nagpur,Maharashtra,India,Teacher,2488440,627,Verified,2025-01-27
311,Ananya,Verma,ananya.verma311@email.com,+91-8832508021,1985-09-28,F,Mysore,Karnataka,India,Accountant,1812514,595,Verified,2022-02-22
312,Divya,Verma,divya.verma312@email.com,+91-9649896750,1972-05-02,F,Visakhapatnam,Andhra Pradesh,India,Banker,2489740,597,Verified,2023-06-11
313,Neha,Tiwari,neha.tiwari313@email.com,+91-7589424206,1999-08-07,F,Bhopal,Madhya Pradesh,India,Pharmacist,2483996,624,Pending,2021-07-26
314,Harsh,Das,harsh.das314@email.com,+91-8542374768,1971-03-06,M,Nashik,Maharashtra,India,Consultant,3481279,775,Pending,2024-05-20
315,Geeta,Bose,geeta.bose315@email.com,+91-9564595211,1982-07-15,F,Nagpur,Maharashtra,India,Government Employee,1797723,672,Verified,2020-02-23
316,Amit,Patel,amit.patel316@email.com,+91-8064537936,1996-04-09,M,Chennai,Tamil Nadu,India,Lawyer,3503424,699,Verified,2020-11-22
317,Tanya,Pillai,tanya.pillai317@email.com,+91-7756345332,1962-07-05,F,Pune,Maharashtra,India,Marketing Executive,617728,778,Verified,2021-12-27
318,Swati,Reddy,swati.reddy318@email.com,+91-9114097693,2000-12-30,F,Kolkata,West Bengal,India,Architect,153047,652,Under Review,2023-02-27
319,Meera,Shah,meera.shah319@email.com,+91-9052947074,1961-09-13,F,Patna,Bihar,India,Business Owner,145245,692,Verified,2020-02-10
320,Pallavi,Joshi,pallavi.joshi320@email.com,+91-7634418273,1996-03-04,F,Mumbai,Maharashtra,India,Doctor,1191630,745,Under Review,2020-05-01
321,Rohit,Das,rohit.das321@email.com,+91-8445518797,1998-08-10,M,Chennai,Tamil Nadu,India,Government Employee,254483,782,Verified,2023-04-15
322,Pooja,Verma,pooja.verma322@email.com,+91-9978819212,1992-11-06,F,Vadodara,Gujarat,India,Accountant,2500793,669,Under Review,2023-12-19
323,Nisha,Ahuja,nisha.ahuja323@email.com,+91-8264942028,1986-06-02,F,Nashik,Maharashtra,India,Retired,404797,737,Verified,2024-02-12
324,Aarav,Bhatia,aarav.bhatia324@email.com,+91-7948737873,1985-09-11,M,Visakhapatnam,Andhra Pradesh,India,Accountant,141932,742,Under Review,2025-03-01
325,Pradeep,Gupta,pradeep.gupta325@email.com,+91-9732401365,1974-11-08,M,Pune,Maharashtra,India,Sales Manager,245597,757,Verified,2021-10-16
326,Jyoti,Sharma,jyoti.sharma326@email.com,+91-7005502537,1971-11-24,F,Chennai,Tamil Nadu,India,Teacher,584442,759,Verified,2021-06-09
327,Jyoti,Pillai,jyoti.pillai327@email.com,+91-8612105539,1978-10-28,F,Vadodara,Gujarat,India,Doctor,1812314,773,Verified,2021-12-20
328,Aisha,Malhotra,aisha.malhotra328@email.com,+91-8266622851,1994-01-05,F,Delhi,Delhi,India,Consultant,590659,811,Verified,2020-05-30
329,Ritu,Kumar,ritu.kumar329@email.com,+91-9349545786,1963-04-30,F,Bengaluru,Karnataka,India,Government Employee,404606,662,Verified,2024-02-08
330,Pallavi,Kapoor,pallavi.kapoor330@email.com,+91-7674755608,2000-01-25,F,Kochi,Kerala,India,Lawyer,158267,664,Verified,2023-05-28
331,Karan,Joshi,karan.joshi331@email.com,+91-8277326067,1968-07-09,M,Lucknow,Uttar Pradesh,India,Accountant,3515397,715,Verified,2023-09-14
332,Arjun,Mishra,arjun.mishra332@email.com,+91-8836553621,1985-08-24,M,Mumbai,Maharashtra,India,Pharmacist,2490065,607,Verified,2022-01-08
333,Komal,Malhotra,komal.malhotra333@email.com,+91-9741008001,1986-12-03,F,Pune,Maharashtra,India,Lawyer,586356,593,Verified,2021-02-27
334,Pradeep,Kumar,pradeep.kumar334@email.com,+91-8138185235,1973-10-31,M,Mysore,Karnataka,India,Marketing Executive,1810863,830,Verified,2025-01-06
335,Meera,Reddy,meera.reddy335@email.com,+91-8888670721,1999-09-20,F,Jaipur,Rajasthan,India,Accountant,1192227,808,Pending,2020-04-01
336,Nisha,Mehta,nisha.mehta336@email.com,+91-9325505783,1985-04-23,F,Chandigarh,Punjab,India,Software Engineer,386337,623,Pending,2023-09-30
337,Sachin,Patel,sachin.patel337@email.com,+91-9045530940,1997-09-18,M,Ahmedabad,Gujarat,India,Accountant,3507435,823,Verified,2023-03-18
338,Vikas,Bhatia,vikas.bhatia338@email.com,+91-8928610987,1961-07-22,M,Amritsar,Punjab,India,Pharmacist,3517452,655,Verified,2020-09-03
339,Deepak,Joshi,deepak.joshi339@email.com,+91-7635132230,1965-08-29,M,Agra,Uttar Pradesh,India,Software Engineer,1785135,802,Under Review,2021-02-17
340,Rekha,Pillai,rekha.pillai340@email.com,+91-8186273502,1996-03-19,F,Nagpur,Maharashtra,India,Business Owner,255434,783,Under Review,2023-02-04
341,Priya,Bhatia,priya.bhatia341@email.com,+91-7636513034,1987-12-13,F,Hyderabad,Telangana,India,Architect,3507498,637,Under Review,2022-04-28
342,Rohit,Bose,rohit.bose342@email.com,+91-8134458188,1994-12-20,M,Kochi,Kerala,India,Business Owner,815103,756,Pending,2024-12-02
343,Aisha,Kapoor,aisha.kapoor343@email.com,+91-9614154439,1981-03-21,F,Visakhapatnam,Andhra Pradesh,India,Software Engineer,398049,786,Pending,2020-10-21
344,Vikas,Iyer,vikas.iyer344@email.com,+91-7086899610,1990-12-22,M,Chandigarh,Punjab,India,Teacher,161143,717,Verified,2025-01-11
345,Sunita,Mehta,sunita.mehta345@email.com,+91-8903145590,1997-10-22,F,Rajkot,Gujarat,India,Lawyer,244939,648,Verified,2021-09-07
346,Asha,Kapoor,asha.kapoor346@email.com,+91-9080741273,1988-12-15,F,Kochi,Kerala,India,Business Owner,608948,688,Under Review,2025-02-13
347,Ananya,Das,ananya.das347@email.com,+91-9251792132,1995-07-03,F,Hyderabad,Telangana,India,Doctor,250389,839,Under Review,2022-04-06
348,Manish,Joshi,manish.joshi348@email.com,+91-7217150457,1999-04-04,M,Surat,Gujarat,India,Retired,583776,707,Verified,2020-03-08
349,Amit,Reddy,amit.reddy349@email.com,+91-8039116218,1996-12-09,M,Mumbai,Maharashtra,India,Lawyer,3506014,643,Verified,2023-10-27
350,Pallavi,Sinha,pallavi.sinha350@email.com,+91-8110935906,1967-12-19,F,Pune,Maharashtra,India,Retired,2518461,759,Verified,2021-12-06
351,Priya,Mishra,priya.mishra351@email.com,+91-8155705163,1962-03-24,F,Kolkata,West Bengal,India,Doctor,594506,695,Pending,2023-10-19
352,Tushar,Sharma,tushar.sharma352@email.com,+91-9612817084,1981-04-07,M,Jaipur,Rajasthan,India,Trader,391350,584,Verified,2021-04-03
353,Asha,Mishra,asha.mishra353@email.com,+91-9908535332,1998-03-14,F,Lucknow,Uttar Pradesh,India,Government Employee,2496514,691,Under Review,2022-08-13
354,Aisha,Kumar,aisha.kumar354@email.com,+91-7464305421,1960-04-30,F,Mysore,Karnataka,India,Pharmacist,1216795,724,Pending,2021-09-03
355,Karan,Mehta,karan.mehta355@email.com,+91-9221759035,1988-09-25,M,Hyderabad,Telangana,India,Government Employee,797114,732,Verified,2021-01-20
356,Gaurav,Mishra,gaurav.mishra356@email.com,+91-8797725951,1989-08-18,M,Jaipur,Rajasthan,India,Government Employee,381668,834,Pending,2021-08-28
357,Ananya,Bose,ananya.bose357@email.com,+91-9741535989,1991-10-06,F,Vadodara,Gujarat,India,Architect,602489,693,Pending,2023-11-06
358,Simran,Nair,simran.nair358@email.com,+91-7549515893,1997-12-03,F,Indore,Madhya Pradesh,India,Doctor,3491870,730,Verified,2020-07-18
359,Tushar,Iyer,tushar.iyer359@email.com,+91-8805915915,1989-05-10,M,Lucknow,Uttar Pradesh,India,Business Owner,603283,694,Verified,2024-03-04
360,Ritu,Bose,ritu.bose360@email.com,+91-9506433915,1973-03-10,F,Agra,Uttar Pradesh,India,Lawyer,260837,607,Under Review,2024-11-09
361,Pradeep,Joshi,pradeep.joshi361@email.com,+91-7647588523,1982-06-13,M,Delhi,Delhi,India,Business Owner,1814723,732,Verified,2022-04-26
362,Karan,Tiwari,karan.tiwari362@email.com,+91-7774626412,1985-07-17,M,Nashik,Maharashtra,India,Trader,2489386,741,Verified,2024-11-01
363,Rekha,Malhotra,rekha.malhotra363@email.com,+91-7724156214,1967-12-07,F,Kolkata,West Bengal,India,Government Employee,130308,811,Under Review,2021-07-14
364,Pradeep,Singh,pradeep.singh364@email.com,+91-8646331504,1965-10-21,M,Indore,Madhya Pradesh,India,Architect,1808141,786,Verified,2022-05-28
365,Sachin,Joshi,sachin.joshi365@email.com,+91-7017711717,1992-10-10,M,Mysore,Karnataka,India,Government Employee,151116,677,Verified,2020-02-06
366,Yash,Reddy,yash.reddy366@email.com,+91-7717346250,1973-12-31,M,Lucknow,Uttar Pradesh,India,Doctor,255136,837,Verified,2023-04-20
367,Suresh,Nair,suresh.nair367@email.com,+91-9949698295,1980-06-13,M,Kochi,Kerala,India,Sales Manager,3519083,848,Verified,2021-11-22
368,Neha,Reddy,neha.reddy368@email.com,+91-7563524533,1993-08-24,F,Ahmedabad,Gujarat,India,Teacher,406436,589,Verified,2021-04-12
369,Naveen,Das,naveen.das369@email.com,+91-8098606132,1967-07-31,M,Agra,Uttar Pradesh,India,Business Owner,1182448,772,Under Review,2024-11-30
370,Gaurav,Patel,gaurav.patel370@email.com,+91-8633177480,1989-09-10,M,Surat,Gujarat,India,Business Owner,133161,639,Verified,2022-05-03
371,Neha,Bhatia,neha.bhatia371@email.com,+91-9845342687,1966-11-13,F,Chennai,Tamil Nadu,India,Teacher,149733,795,Under Review,2023-09-17
372,Pallavi,Kapoor,pallavi.kapoor372@email.com,+91-7505666123,1991-06-07,F,Visakhapatnam,Andhra Pradesh,India,Doctor,1786875,841,Verified,2024-01-12
373,Rohit,Shah,rohit.shah373@email.com,+91-8759889613,1968-11-28,M,Chandigarh,Punjab,India,Architect,597235,847,Verified,2021-02-17
374,Arjun,Chopra,arjun.chopra374@email.com,+91-7054758244,1982-04-07,M,Mumbai,Maharashtra,India,Trader,611500,749,Verified,2021-04-25
375,Naveen,Ahuja,naveen.ahuja375@email.com,+91-7435039291,1982-03-01,M,Rajkot,Gujarat,India,Doctor,263535,618,Verified,2024-01-21
376,Anil,Nair,anil.nair376@email.com,+91-8247976542,1971-11-06,M,Delhi,Delhi,India,Lawyer,136541,669,Verified,2024-11-25
377,Asha,Pillai,asha.pillai377@email.com,+91-7732344664,1965-03-13,F,Agra,Uttar Pradesh,India,Business Owner,130633,650,Verified,2023-09-20
378,Jyoti,Kapoor,jyoti.kapoor378@email.com,+91-8721326325,1972-01-13,F,Chennai,Tamil Nadu,India,Trader,254420,755,Pending,2021-01-09
379,Ritu,Mishra,ritu.mishra379@email.com,+91-9990026838,1990-12-12,F,Hyderabad,Telangana,India,Retired,2507639,665,Verified,2020-08-19
380,Rohit,Tiwari,rohit.tiwari380@email.com,+91-8631017155,2000-11-15,M,Visakhapatnam,Andhra Pradesh,India,Architect,2517286,804,Verified,2021-01-06
381,Tushar,Pillai,tushar.pillai381@email.com,+91-8892740043,2000-01-01,M,Kochi,Kerala,India,Doctor,2511989,637,Verified,2024-12-22
382,Amit,Malhotra,amit.malhotra382@email.com,+91-9229516148,1974-02-04,M,Nagpur,Maharashtra,India,Software Engineer,3517791,694,Under Review,2023-10-03
383,Rahul,Ahuja,rahul.ahuja383@email.com,+91-9632445649,1992-08-05,M,Vadodara,Gujarat,India,Teacher,2502659,777,Verified,2020-10-31
384,Harsh,Verma,harsh.verma384@email.com,+91-9111611923,1982-09-05,M,Amritsar,Punjab,India,Retired,2512495,664,Verified,2020-06-02
385,Karan,Mehta,karan.mehta385@email.com,+91-7338574832,1962-04-04,M,Ahmedabad,Gujarat,India,Pharmacist,616077,773,Pending,2022-04-05
386,Aisha,Sinha,aisha.sinha386@email.com,+91-9806215682,1963-12-13,F,Indore,Madhya Pradesh,India,Retired,2509299,741,Verified,2020-08-31
387,Vikas,Tiwari,vikas.tiwari387@email.com,+91-9658868885,1961-08-10,M,Visakhapatnam,Andhra Pradesh,India,Pharmacist,3480011,626,Verified,2024-06-09
388,Harsh,Ahuja,harsh.ahuja388@email.com,+91-8425811567,1980-06-18,M,Surat,Gujarat,India,Government Employee,1183556,694,Under Review,2024-09-25
389,Swati,Ahuja,swati.ahuja389@email.com,+91-7952396600,1976-04-18,F,Mysore,Karnataka,India,Sales Manager,2487472,629,Verified,2024-04-04
390,Geeta,Malhotra,geeta.malhotra390@email.com,+91-7196615480,1995-11-18,F,Chennai,Tamil Nadu,India,Banker,3514208,771,Verified,2023-12-08
391,Pooja,Bhatia,pooja.bhatia391@email.com,+91-7805492785,1993-04-22,F,Kolkata,West Bengal,India,Sales Manager,1787009,710,Verified,2023-06-05
392,Divya,Sinha,divya.sinha392@email.com,+91-7199717518,1996-12-26,F,Kochi,Kerala,India,Marketing Executive,602146,635,Under Review,2024-03-30
393,Anil,Sinha,anil.sinha393@email.com,+91-7208613457,1989-07-15,M,Patna,Bihar,India,Architect,3488823,835,Under Review,2020-01-09
394,Aisha,Shah,aisha.shah394@email.com,+91-7444760892,1982-10-20,F,Hyderabad,Telangana,India,Marketing Executive,417916,668,Pending,2024-02-05
395,Simran,Mishra,simran.mishra395@email.com,+91-8944957475,1978-10-12,F,Lucknow,Uttar Pradesh,India,Architect,597930,783,Verified,2021-12-03
396,Rahul,Kapoor,rahul.kapoor396@email.com,+91-9377614706,1991-05-27,M,Rajkot,Gujarat,India,Trader,3499589,740,Verified,2023-12-28
397,Deepak,Kapoor,deepak.kapoor397@email.com,+91-9982047218,1992-01-17,M,Vadodara,Gujarat,India,Banker,1188694,671,Verified,2022-10-28
398,Nikhil,Chopra,nikhil.chopra398@email.com,+91-7054848947,1981-07-19,M,Kochi,Kerala,India,Architect,1814989,726,Under Review,2024-12-02
399,Aarav,Mishra,aarav.mishra399@email.com,+91-8231004412,1966-07-09,M,Pune,Maharashtra,India,Software Engineer,143100,716,Verified,2024-03-16
400,Arjun,Bhatia,arjun.bhatia400@email.com,+91-7440148273,1995-03-08,M,Surat,Gujarat,India,Banker,615466,596,Under Review,2022-01-04
401,Harsh,Chopra,harsh.chopra401@email.com,+91-8664534549,1977-06-11,M,Bhopal,Madhya Pradesh,India,Teacher,3498850,604,Pending,2025-03-12
402,Tanya,Patel,tanya.patel402@email.com,+91-9722100861,1960-07-31,F,Ahmedabad,Gujarat,India,Sales Manager,793309,806,Verified,2024-08-26
403,Deepak,Nair,deepak.nair403@email.com,+91-7512620717,1980-02-18,M,Patna,Bihar,India,Doctor,242253,668,Pending,2024-02-14
404,Rahul,Mehta,rahul.mehta404@email.com,+91-9002877824,1984-12-19,M,Nagpur,Maharashtra,India,Banker,390546,710,Verified,2020-01-12
405,Sanjay,Iyer,sanjay.iyer405@email.com,+91-8365194028,1986-10-10,M,Nashik,Maharashtra,India,Software Engineer,812148,763,Under Review,2020-05-29
406,Manish,Das,manish.das406@email.com,+91-8732663107,1963-01-22,M,Vadodara,Gujarat,India,Marketing Executive,3490444,792,Verified,2023-01-17
407,Nisha,Joshi,nisha.joshi407@email.com,+91-9655494969,1989-10-03,F,Amritsar,Punjab,India,Government Employee,1203645,730,Under Review,2021-03-23
408,Tanya,Malhotra,tanya.malhotra408@email.com,+91-9635826143,1960-05-24,F,Agra,Uttar Pradesh,India,Business Owner,1209207,703,Under Review,2025-01-26
409,Arjun,Ahuja,arjun.ahuja409@email.com,+91-8214741296,1999-09-23,M,Vadodara,Gujarat,India,Government Employee,1787430,777,Verified,2021-06-09
410,Simran,Das,simran.das410@email.com,+91-7353670997,1979-12-27,F,Patna,Bihar,India,Lawyer,149427,678,Verified,2021-10-18
411,Sachin,Chopra,sachin.chopra411@email.com,+91-8821965723,1960-04-30,M,Mysore,Karnataka,India,Consultant,243813,689,Verified,2024-11-06
412,Sachin,Bhatia,sachin.bhatia412@email.com,+91-8424706705,1999-05-31,M,Surat,Gujarat,India,Sales Manager,1784726,658,Verified,2020-02-18
413,Vikram,Patel,vikram.patel413@email.com,+91-8110884543,1967-12-26,M,Ahmedabad,Gujarat,India,Marketing Executive,816574,616,Pending,2023-03-23
414,Jyoti,Malhotra,jyoti.malhotra414@email.com,+91-9297096148,1978-02-21,F,Chennai,Tamil Nadu,India,Accountant,1181106,779,Verified,2023-10-10
415,Naveen,Patel,naveen.patel415@email.com,+91-9945826425,1991-06-10,M,Lucknow,Uttar Pradesh,India,Retired,253442,837,Verified,2020-08-05
416,Suresh,Sinha,suresh.sinha416@email.com,+91-7585753895,1977-02-09,M,Ahmedabad,Gujarat,India,Accountant,161063,660,Pending,2022-12-28
417,Shreya,Gupta,shreya.gupta417@email.com,+91-7021602991,1973-05-15,F,Delhi,Delhi,India,Consultant,1180730,652,Under Review,2020-09-09
418,Tanya,Chopra,tanya.chopra418@email.com,+91-9201397080,1963-10-26,F,Agra,Uttar Pradesh,India,Banker,602534,688,Verified,2022-04-25
419,Manish,Rao,manish.rao419@email.com,+91-9436503348,1987-09-03,M,Mysore,Karnataka,India,Retired,792735,638,Verified,2021-01-06
420,Shreya,Chopra,shreya.chopra420@email.com,+91-9493639344,1963-04-13,F,Rajkot,Gujarat,India,Banker,246429,630,Pending,2021-02-08
421,Geeta,Gupta,geeta.gupta421@email.com,+91-7831070024,1990-02-10,F,Bengaluru,Karnataka,India,Consultant,586556,725,Verified,2023-06-22
422,Jyoti,Iyer,jyoti.iyer422@email.com,+91-8565487367,1987-08-25,F,Coimbatore,Tamil Nadu,India,Consultant,818284,658,Verified,2023-03-04
423,Meera,Sharma,meera.sharma423@email.com,+91-7576839151,1974-01-18,F,Chandigarh,Punjab,India,Teacher,608581,721,Verified,2024-09-16
424,Jyoti,Sinha,jyoti.sinha424@email.com,+91-9605446007,1976-02-03,F,Agra,Uttar Pradesh,India,Marketing Executive,811914,635,Verified,2020-12-25
425,Pooja,Chopra,pooja.chopra425@email.com,+91-9712815143,1968-10-23,F,Patna,Bihar,India,Banker,234941,589,Verified,2024-10-05
426,Aisha,Joshi,aisha.joshi426@email.com,+91-7638373812,2000-08-26,F,Amritsar,Punjab,India,Software Engineer,3497079,821,Verified,2023-09-01
427,Nisha,Bose,nisha.bose427@email.com,+91-7388926568,1992-11-21,F,Patna,Bihar,India,Retired,788774,817,Pending,2022-10-23
428,Simran,Sharma,simran.sharma428@email.com,+91-7769422699,1989-09-22,F,Pune,Maharashtra,India,Teacher,413694,651,Under Review,2022-07-02
429,Pradeep,Reddy,pradeep.reddy429@email.com,+91-8005102559,1961-10-24,M,Chandigarh,Punjab,India,Teacher,2495187,612,Verified,2021-06-25
430,Ravi,Reddy,ravi.reddy430@email.com,+91-7443348057,1977-05-29,M,Nagpur,Maharashtra,India,Lawyer,2483043,600,Under Review,2023-08-21
431,Ritu,Bose,ritu.bose431@email.com,+91-9806059083,1984-06-01,F,Coimbatore,Tamil Nadu,India,Architect,404684,773,Verified,2022-01-18
432,Lakshmi,Rao,lakshmi.rao432@email.com,+91-9595066420,1983-03-01,F,Indore,Madhya Pradesh,India,Accountant,1202612,829,Verified,2024-06-11
433,Anil,Verma,anil.verma433@email.com,+91-7675844672,1970-04-26,M,Pune,Maharashtra,India,Business Owner,3498403,688,Verified,2020-11-03
434,Tushar,Rao,tushar.rao434@email.com,+91-9057380250,1978-08-07,M,Indore,Madhya Pradesh,India,Marketing Executive,1187427,826,Verified,2023-10-14
435,Harsh,Tiwari,harsh.tiwari435@email.com,+91-9201784149,1961-01-02,M,Agra,Uttar Pradesh,India,Teacher,138381,662,Verified,2020-10-02
436,Arjun,Verma,arjun.verma436@email.com,+91-9738568701,1971-08-02,M,Coimbatore,Tamil Nadu,India,Trader,413858,787,Verified,2023-05-12
437,Kavya,Joshi,kavya.joshi437@email.com,+91-9580582653,1980-02-24,F,Kochi,Kerala,India,Architect,2511566,667,Verified,2021-03-25
438,Gaurav,Ahuja,gaurav.ahuja438@email.com,+91-7295678014,1982-11-30,M,Coimbatore,Tamil Nadu,India,Banker,402457,812,Verified,2023-05-06
439,Lakshmi,Gupta,lakshmi.gupta439@email.com,+91-7642360440,1964-11-13,F,Kochi,Kerala,India,Software Engineer,614256,838,Under Review,2023-11-02
440,Manish,Shah,manish.shah440@email.com,+91-7400247855,2000-06-10,M,Chennai,Tamil Nadu,India,Architect,164827,837,Pending,2024-03-20
441,Gaurav,Chopra,gaurav.chopra441@email.com,+91-9996353041,1997-02-13,M,Delhi,Delhi,India,Software Engineer,1814212,795,Under Review,2022-01-28
442,Nisha,Shah,nisha.shah442@email.com,+91-8093146603,1995-06-02,F,Hyderabad,Telangana,India,Marketing Executive,1802971,630,Pending,2022-05-21
443,Vikram,Nair,vikram.nair443@email.com,+91-7030554742,1986-11-02,M,Mumbai,Maharashtra,India,Trader,3506781,711,Under Review,2021-01-22
444,Ravi,Sharma,ravi.sharma444@email.com,+91-7664768939,1976-10-27,M,Chennai,Tamil Nadu,India,Consultant,600702,789,Pending,2022-01-11
445,Ritu,Chopra,ritu.chopra445@email.com,+91-8774801423,1978-12-31,F,Kolkata,West Bengal,India,Architect,1198059,783,Under Review,2024-03-26
446,Meera,Reddy,meera.reddy446@email.com,+91-8709954268,1985-01-29,F,Chandigarh,Punjab,India,Pharmacist,2496631,737,Verified,2023-03-29
447,Rajesh,Sinha,rajesh.sinha447@email.com,+91-8453579468,1995-02-16,M,Bhopal,Madhya Pradesh,India,Sales Manager,386571,689,Under Review,2022-11-07
448,Manish,Mishra,manish.mishra448@email.com,+91-8869931869,1988-07-10,M,Visakhapatnam,Andhra Pradesh,India,Software Engineer,239524,821,Verified,2025-03-11
449,Amit,Rao,amit.rao449@email.com,+91-9237701770,1976-08-19,M,Agra,Uttar Pradesh,India,Business Owner,155187,785,Verified,2023-06-11
450,Manish,Malhotra,manish.malhotra450@email.com,+91-7144351055,1982-03-05,M,Kolkata,West Bengal,India,Lawyer,143219,845,Under Review,2021-08-08
451,Gaurav,Verma,gaurav.verma451@email.com,+91-8185139825,1990-03-27,M,Bengaluru,Karnataka,India,Software Engineer,1195679,580,Pending,2020-11-18
452,Komal,Mishra,komal.mishra452@email.com,+91-7294708501,1978-03-09,F,Nashik,Maharashtra,India,Architect,613930,587,Verified,2024-02-18
453,Tanya,Bose,tanya.bose453@email.com,+91-9469205576,1975-08-13,F,Bhopal,Madhya Pradesh,India,Government Employee,794830,679,Verified,2022-07-20
454,Meera,Tiwari,meera.tiwari454@email.com,+91-7502549822,1982-09-16,F,Nagpur,Maharashtra,India,Business Owner,3484743,837,Under Review,2021-08-25
455,Tanya,Bose,tanya.bose455@email.com,+91-8458831845,1971-03-22,F,Ahmedabad,Gujarat,India,Sales Manager,2504712,827,Pending,2024-04-25
456,Aisha,Sharma,aisha.sharma456@email.com,+91-9907319100,1981-08-14,F,Ahmedabad,Gujarat,India,Business Owner,784427,775,Verified,2023-07-21
457,Asha,Reddy,asha.reddy457@email.com,+91-8713394023,1983-03-03,F,Bengaluru,Karnataka,India,Pharmacist,147258,707,Verified,2021-08-11
458,Sachin,Verma,sachin.verma458@email.com,+91-9933923529,1981-05-17,M,Rajkot,Gujarat,India,Government Employee,1194323,717,Verified,2021-01-09
459,Divya,Rao,divya.rao459@email.com,+91-9656853453,1992-12-27,F,Ahmedabad,Gujarat,India,Teacher,793551,697,Verified,2021-02-19
460,Rohit,Kumar,rohit.kumar460@email.com,+91-8594276982,1963-07-09,M,Indore,Madhya Pradesh,India,Consultant,2480434,601,Under Review,2024-10-02
461,Neha,Bose,neha.bose461@email.com,+91-7953881229,1998-12-20,F,Bhopal,Madhya Pradesh,India,Banker,2491984,841,Under Review,2021-07-27
462,Arjun,Das,arjun.das462@email.com,+91-8691001287,1995-11-08,M,Chandigarh,Punjab,India,Accountant,2515439,596,Verified,2022-10-26
463,Sneha,Bhatia,sneha.bhatia463@email.com,+91-8629630857,1983-03-31,F,Kolkata,West Bengal,India,Lawyer,1180551,586,Under Review,2023-10-12
464,Karan,Reddy,karan.reddy464@email.com,+91-9024412906,1987-06-27,M,Jaipur,Rajasthan,India,Retired,792265,714,Under Review,2021-04-30
465,Geeta,Verma,geeta.verma465@email.com,+91-8200999709,1982-05-16,F,Bhopal,Madhya Pradesh,India,Accountant,607465,770,Pending,2022-01-17
466,Naveen,Gupta,naveen.gupta466@email.com,+91-9385167359,1985-10-31,M,Ahmedabad,Gujarat,India,Consultant,586545,718,Pending,2024-07-04
467,Divya,Gupta,divya.gupta467@email.com,+91-9145756342,1995-11-20,F,Kochi,Kerala,India,Sales Manager,410997,584,Verified,2020-12-27
468,Neha,Nair,neha.nair468@email.com,+91-7257854279,1971-04-04,F,Pune,Maharashtra,India,Pharmacist,156109,630,Verified,2023-11-15
469,Neha,Malhotra,neha.malhotra469@email.com,+91-9394407686,1964-04-26,F,Vadodara,Gujarat,India,Lawyer,1197024,764,Verified,2022-01-07
470,Priya,Tiwari,priya.tiwari470@email.com,+91-8525181720,1965-06-09,F,Lucknow,Uttar Pradesh,India,Government Employee,617804,669,Verified,2024-05-17
471,Jyoti,Singh,jyoti.singh471@email.com,+91-9751272944,1977-02-03,F,Pune,Maharashtra,India,Architect,810392,654,Verified,2024-11-13
472,Shreya,Kapoor,shreya.kapoor472@email.com,+91-8346395203,1985-08-22,F,Ahmedabad,Gujarat,India,Accountant,235184,662,Verified,2021-12-04
473,Swati,Mehta,swati.mehta473@email.com,+91-9520801229,1987-02-26,F,Chandigarh,Punjab,India,Consultant,1797776,807,Under Review,2024-05-18
474,Asha,Verma,asha.verma474@email.com,+91-7343875431,1968-03-31,F,Jaipur,Rajasthan,India,Retired,138194,700,Verified,2023-09-17
475,Vikas,Kumar,vikas.kumar475@email.com,+91-8705155784,1964-04-14,M,Amritsar,Punjab,India,Business Owner,2515942,607,Under Review,2020-02-23
476,Rohit,Mehta,rohit.mehta476@email.com,+91-8220523522,1987-09-22,M,Ahmedabad,Gujarat,India,Doctor,255548,738,Pending,2021-04-14
477,Sanjay,Das,sanjay.das477@email.com,+91-9045069031,1997-08-12,M,Nagpur,Maharashtra,India,Doctor,132303,762,Pending,2024-10-28
478,Tanya,Sinha,tanya.sinha478@email.com,+91-9730959828,1966-01-22,F,Rajkot,Gujarat,India,Sales Manager,3491602,813,Under Review,2023-07-16
479,Simran,Malhotra,simran.malhotra479@email.com,+91-7384631600,1988-09-08,F,Ahmedabad,Gujarat,India,Pharmacist,802752,826,Pending,2023-01-10
480,Geeta,Tiwari,geeta.tiwari480@email.com,+91-7585405992,1971-08-27,F,Amritsar,Punjab,India,Doctor,780691,580,Verified,2022-12-07
481,Neha,Chopra,neha.chopra481@email.com,+91-8848705588,1960-05-16,F,Amritsar,Punjab,India,Sales Manager,2511265,733,Verified,2020-01-19
482,Aarav,Chopra,aarav.chopra482@email.com,+91-7701237129,1976-10-04,M,Ahmedabad,Gujarat,India,Teacher,1816736,803,Pending,2022-03-19
483,Nisha,Mehta,nisha.mehta483@email.com,+91-9284683201,1963-07-21,F,Agra,Uttar Pradesh,India,Accountant,613856,719,Verified,2021-08-06
484,Divya,Singh,divya.singh484@email.com,+91-8168807171,1968-03-07,F,Surat,Gujarat,India,Doctor,787232,813,Under Review,2023-06-19
485,Divya,Iyer,divya.iyer485@email.com,+91-8211672712,1960-11-13,F,Chennai,Tamil Nadu,India,Doctor,165059,591,Verified,2021-01-15
486,Yash,Sinha,yash.sinha486@email.com,+91-7932815734,1992-08-12,M,Indore,Madhya Pradesh,India,Software Engineer,585911,657,Verified,2020-01-31
487,Sunita,Shah,sunita.shah487@email.com,+91-7627442454,1976-08-28,F,Amritsar,Punjab,India,Lawyer,151643,621,Verified,2024-09-23
488,Lakshmi,Singh,lakshmi.singh488@email.com,+91-7054183126,1984-05-13,F,Bhopal,Madhya Pradesh,India,Lawyer,392595,708,Verified,2024-07-31
489,Vikas,Sinha,vikas.sinha489@email.com,+91-7403556437,1971-02-01,M,Amritsar,Punjab,India,Sales Manager,143053,815,Under Review,2024-02-14
490,Pradeep,Mishra,pradeep.mishra490@email.com,+91-9237361243,1990-07-26,M,Vadodara,Gujarat,India,Banker,1190394,601,Verified,2024-03-05
491,Neha,Malhotra,neha.malhotra491@email.com,+91-9718323324,1973-05-27,F,Ahmedabad,Gujarat,India,Teacher,1183413,691,Pending,2020-08-19
492,Priya,Verma,priya.verma492@email.com,+91-9495706809,1995-08-20,F,Delhi,Delhi,India,Banker,255939,704,Pending,2020-01-19
493,Nikhil,Singh,nikhil.singh493@email.com,+91-9684922912,1971-02-27,M,Amritsar,Punjab,India,Doctor,2485990,753,Verified,2025-03-21
494,Nikhil,Malhotra,nikhil.malhotra494@email.com,+91-8360386030,1966-11-26,M,Ahmedabad,Gujarat,India,Sales Manager,3487038,644,Under Review,2022-09-26
495,Jyoti,Pillai,jyoti.pillai495@email.com,+91-9084356796,1968-08-27,F,Delhi,Delhi,India,Software Engineer,1803472,648,Pending,2021-05-28
496,Tanya,Bhatia,tanya.bhatia496@email.com,+91-9011740002,1981-12-25,F,Rajkot,Gujarat,India,Teacher,415626,758,Verified,2021-10-24
497,Vikram,Das,vikram.das497@email.com,+91-9740301061,1966-12-14,M,Mumbai,Maharashtra,India,Lawyer,797258,767,Under Review,2022-07-18
498,Meera,Sharma,meera.sharma498@email.com,+91-9827331508,1987-10-19,F,Bengaluru,Karnataka,India,Retired,1195649,744,Under Review,2024-01-16
499,Divya,Das,divya.das499@email.com,+91-9752661410,1990-08-24,F,Kochi,Kerala,India,Lawyer,3490101,724,Verified,2021-10-22
500,Rohit,Das,rohit.das500@email.com,+91-7867922818,1989-07-22,M,Delhi,Delhi,India,Business Owner,138504,671,Verified,2024-11-23
