investment_id,customer_id,investment_type,product_name,invested_amount,current_value,returns_percent,start_date,maturity_date,status,risk_rating,fund_manager
1,301,ELSS,Quant Tax Plan,34678.46,40410.81,16.53,2024-02-06,2027-01-21,Active,High,Axis AMC
2,336,ULIPs,HDFC Life Click 2 Invest,2492771.48,3003540.36,20.49,2024-05-02,2029-04-06,Active,High,HDFC AMC
3,259,PPF,Public Provident Fund,49923.14,51655.47,3.47,2023-01-14,2025-12-29,Active,Low,ICICI Pru
4,125,NPS,Tier II - Equity,495387.81,570637.22,15.19,2021-04-05,2024-03-20,Active,Moderate,Nippon India
5,189,NPS,Tier I - Corporate Bond,341000.08,369541.79,8.37,2021-10-15,2022-10-10,Active,Moderate,Axis AMC
6,80,PPF,Public Provident Fund,583538.31,623569.04,6.86,2023-11-22,2026-11-06,Redeemed,Low,Mirae Asset
7,462,PPF,Public Provident Fund,287964.76,379364.77,31.74,2021-12-23,2024-12-07,Redeemed,Low,Kotak Mahindra
8,269,Mutual Fund,Nippon India,393202.2,407160.88,3.55,2020-09-06,2025-08-11,Active,Moderate,Axis AMC
9,298,Recurring Deposit,Monthly RD 12M,1441812.99,1560762.56,8.25,2021-03-19,2022-03-14,Active,Low,Nippon India
10,197,PPF,Public Provident Fund,198996.15,232308.11,16.74,2023-08-16,2033-06-24,Active,Low,Mirae Asset
11,432,ELSS,Axis ELSS,1058539.2,1211603.97,14.46,2022-04-16,2025-03-31,Active,High,Aditya Birla
12,155,ELSS,Mirae Tax Saver,10547.02,11734.61,11.26,2022-12-15,2027-11-19,Active,High,HDFC AMC
13,335,Mutual Fund,HDFC Top 100,50518.24,64021.77,26.73,2023-09-13,2024-03-11,Active,Moderate,SBI Mutual Fund
14,238,Stocks,ICICI Bank,2061004.3,2489693.19,20.8,2022-10-05,2032-08-13,Partially Redeemed,High,Nippon India
15,218,Mutual Fund,HDFC Top 100,1256979.02,1494296.66,18.88,2023-12-03,2024-11-27,Matured,Moderate,Axis AMC
16,413,ULIPs,HDFC Life Click 2 Invest,751482.75,951903.2,26.67,2020-12-09,2030-10-18,Active,High,SBI Mutual Fund
17,108,ULIPs,SBI Life eWealth,783271.08,900996.72,15.03,2020-09-25,2025-08-30,Active,High,Kotak Mahindra
18,311,Bonds,SGrB,493713.63,568659.36,15.18,2024-05-18,2025-05-13,Active,Low,Nippon India
19,45,Gold ETF,Nippon Gold ETF,13896.48,16047.66,15.48,2021-07-24,2026-06-28,Active,Moderate,Axis AMC
20,449,Gold ETF,HDFC Gold ETF,426795.27,540664.25,26.68,2023-03-14,2023-09-10,Matured,Moderate,Aditya Birla
21,381,NPS,Tier II - Equity,16057.56,16222.95,1.03,2021-11-08,2022-02-06,Active,Moderate,HDFC AMC
22,181,Mutual Fund,Mirae Asset,369844.99,378166.5,2.25,2021-12-13,2022-03-13,Matured,Moderate,Nippon India
23,191,Mutual Fund,Mirae Asset,1459980.32,1763656.23,20.8,2020-12-19,2021-12-14,Active,Moderate,Axis AMC
24,219,Fixed Deposit,Flexi FD,1138631.55,1138973.14,0.03,2023-01-19,2027-12-24,Matured,Low,Aditya Birla
25,17,Mutual Fund,SBI Bluechip,8051.59,9372.86,16.41,2021-03-18,2024-03-02,Matured,Moderate,Nippon India
26,80,PPF,Public Provident Fund,2924521.31,2880945.94,-1.49,2021-08-16,2022-08-11,Redeemed,Low,Axis AMC
27,75,Gold ETF,HDFC Gold ETF,346742.4,384467.97,10.88,2022-12-30,2024-12-19,Redeemed,Moderate,Kotak Mahindra
28,149,NPS,Tier II - Equity,35123.02,34705.06,-1.19,2022-10-08,2024-09-27,Redeemed,Moderate,ICICI Pru
29,346,Recurring Deposit,Monthly RD 36M,12018.67,14012.57,16.59,2023-01-25,2026-01-09,Active,Low,SBI Mutual Fund
30,261,Bonds,RBI Savings Bond,20622.29,22467.98,8.95,2023-09-03,2024-03-01,Active,Low,Aditya Birla
31,139,ULIPs,SBI Life eWealth,176360.06,214259.84,21.49,2021-09-17,2023-09-07,Active,High,ICICI Pru
32,232,ELSS,Quant Tax Plan,170039.83,170396.91,0.21,2021-07-20,2024-07-04,Active,High,HDFC AMC
33,485,ULIPs,ICICI Pru iProtect,499495.58,644199.45,28.97,2024-06-12,2027-05-28,Active,High,ICICI Pru
34,441,Mutual Fund,Axis Midcap,480529.04,509889.36,6.11,2020-12-16,2021-12-11,Active,Moderate,Axis AMC
35,390,ULIPs,SBI Life eWealth,6044.93,6816.26,12.76,2020-12-14,2023-11-29,Matured,High,Mirae Asset
36,397,ULIPs,HDFC Life Click 2 Invest,1560251.96,1868557.75,19.76,2023-02-09,2025-01-29,Active,High,Nippon India
37,389,ELSS,Mirae Tax Saver,283859.09,275116.23,-3.08,2020-07-03,2020-10-01,Redeemed,High,Aditya Birla
38,429,Bonds,NHAI Bond,123588.87,162445.21,31.44,2022-05-19,2032-03-27,Matured,Low,ICICI Pru
39,125,ELSS,Quant Tax Plan,2579879.79,3233105.35,25.32,2023-01-30,2024-01-25,Redeemed,High,SBI Mutual Fund
40,337,Gold ETF,Nippon Gold ETF,8621.81,9965.95,15.59,2023-07-26,2024-01-22,Matured,Moderate,ICICI Pru
41,62,ELSS,Mirae Tax Saver,351082.93,390439.33,11.21,2022-04-07,2024-03-27,Active,High,HDFC AMC
42,134,ULIPs,SBI Life eWealth,5176.69,5449.5,5.27,2022-10-06,2027-09-10,Active,High,SBI Mutual Fund
43,387,Fixed Deposit,Regular FD,21453.55,28114.88,31.05,2023-07-17,2023-10-15,Matured,Low,HDFC AMC
44,376,ULIPs,ICICI Pru iProtect,2256063.41,2646362.38,17.3,2021-01-28,2030-12-07,Matured,High,Nippon India
45,427,ULIPs,HDFC Life Click 2 Invest,162517.96,177615.88,9.29,2022-10-02,2024-09-21,Partially Redeemed,High,Mirae Asset
46,281,NPS,Tier I - Corporate Bond,8917.7,9027.39,1.23,2021-09-05,2022-08-31,Active,Moderate,Aditya Birla
47,336,Fixed Deposit,Flexi FD,1183979.04,1509218.08,27.47,2020-07-20,2030-05-29,Active,Low,Aditya Birla
48,450,ELSS,Mirae Tax Saver,2091637.3,2670602.5,27.68,2022-04-21,2027-03-26,Active,High,Aditya Birla
49,116,ELSS,Quant Tax Plan,20533.84,22862.38,11.34,2022-09-06,2024-08-26,Redeemed,High,Kotak Mahindra
50,196,NPS,Tier I - Equity,45173.61,48633.91,7.66,2021-10-18,2024-10-02,Partially Redeemed,Moderate,ICICI Pru
51,138,Gold ETF,SBI Gold Fund,2756436.72,3472834.62,25.99,2020-03-04,2023-02-17,Matured,Moderate,Nippon India
52,254,Stocks,HDFC Bank,491029.35,575191.78,17.14,2024-01-17,2027-01-01,Matured,High,Nippon India
53,436,Gold ETF,SBI Gold Fund,19209.63,18575.71,-3.3,2024-03-23,2029-02-25,Partially Redeemed,Moderate,Aditya Birla
54,15,PPF,Public Provident Fund,1381150.38,1346621.62,-2.5,2022-09-02,2024-08-22,Active,Low,HDFC AMC
55,185,Stocks,Reliance,357445.68,458960.25,28.4,2021-09-27,2022-03-26,Active,High,Aditya Birla
56,285,Mutual Fund,HDFC Top 100,243976.95,266520.42,9.24,2021-08-30,2024-08-14,Matured,Moderate,Nippon India
57,173,ULIPs,SBI Life eWealth,268168.95,265889.51,-0.85,2022-07-05,2025-06-19,Redeemed,High,Kotak Mahindra
58,461,Bonds,NTPC Bond,86373.67,107215.64,24.13,2020-02-04,2029-12-13,Active,Low,Nippon India
59,64,Stocks,HDFC Bank,2725493.56,2846778.02,4.45,2020-08-18,2030-06-27,Active,High,Mirae Asset
60,66,ELSS,Quant Tax Plan,211941.49,271179.14,27.95,2021-09-05,2022-08-31,Active,High,Aditya Birla
61,484,PPF,Public Provident Fund,786008.26,923874.11,17.54,2023-04-16,2023-10-13,Active,Low,Mirae Asset
62,62,ULIPs,ICICI Pru iProtect,46988.08,44981.69,-4.27,2020-01-24,2022-01-13,Active,High,Aditya Birla
63,205,Stocks,HDFC Bank,6389.48,6142.85,-3.86,2023-07-19,2023-10-17,Active,High,Aditya Birla
64,112,PPF,Public Provident Fund,451817.17,567301.64,25.56,2022-10-08,2023-01-06,Matured,Low,Kotak Mahindra
65,347,Gold ETF,Nippon Gold ETF,8010.49,8950.92,11.74,2024-06-27,2025-06-22,Active,Moderate,SBI Mutual Fund
66,489,Gold ETF,HDFC Gold ETF,2022141.03,2411403.18,19.25,2024-04-26,2026-04-16,Active,Moderate,Kotak Mahindra
67,60,ULIPs,ICICI Pru iProtect,15790.06,18826.49,19.23,2023-04-12,2026-03-27,Partially Redeemed,High,Kotak Mahindra
68,299,Fixed Deposit,Tax Saver FD,24858.89,29982.31,20.61,2020-01-22,2020-04-21,Active,Low,ICICI Pru
69,195,NPS,Tier I - Corporate Bond,1510639.79,1907938.05,26.3,2023-11-07,2025-10-27,Active,Moderate,Aditya Birla
70,163,ULIPs,SBI Life eWealth,14396.35,17166.21,19.24,2023-01-23,2032-12-01,Active,High,HDFC AMC
71,382,Stocks,Infosys,19698.38,25674.87,30.34,2020-01-14,2022-12-29,Matured,High,SBI Mutual Fund
72,438,Bonds,NHAI Bond,11391.62,14443.43,26.79,2020-06-27,2020-09-25,Active,Low,Axis AMC
73,31,NPS,Tier II - Equity,42353.6,48965.0,15.61,2022-05-28,2022-11-24,Active,Moderate,ICICI Pru
74,245,Mutual Fund,HDFC Top 100,387104.53,449273.52,16.06,2022-08-25,2022-11-23,Active,Moderate,Kotak Mahindra
75,335,PPF,Public Provident Fund,426021.67,412048.16,-3.28,2023-06-12,2026-05-27,Active,Low,Aditya Birla
76,369,PPF,Public Provident Fund,24552.9,31840.2,29.68,2021-02-20,2023-02-10,Active,Low,Axis AMC
77,280,PPF,Public Provident Fund,205181.67,268336.59,30.78,2021-03-13,2031-01-20,Active,Low,Axis AMC
78,67,Mutual Fund,Axis Midcap,27224.76,27178.48,-0.17,2020-07-13,2023-06-28,Active,Moderate,HDFC AMC
79,435,Gold ETF,HDFC Gold ETF,48228.03,57251.49,18.71,2023-01-25,2023-07-24,Active,Moderate,Kotak Mahindra
80,240,Stocks,Infosys,657677.62,651429.68,-0.95,2023-04-19,2023-07-18,Matured,High,Nippon India
81,376,NPS,Tier II - Equity,46947.62,54506.19,16.1,2020-04-11,2023-03-27,Active,Moderate,HDFC AMC
82,315,Mutual Fund,HDFC Top 100,458680.93,598349.27,30.45,2023-09-18,2026-09-02,Active,Moderate,Kotak Mahindra
83,68,Stocks,Infosys,49771.45,51677.7,3.83,2022-04-19,2023-04-14,Active,High,Mirae Asset
84,33,ELSS,Mirae Tax Saver,16197.85,20623.1,27.32,2023-08-14,2023-11-12,Partially Redeemed,High,HDFC AMC
85,36,Bonds,SGrB,97481.13,127485.82,30.78,2022-10-04,2024-09-23,Matured,Low,Axis AMC
86,125,NPS,Tier I - Equity,243689.39,278902.51,14.45,2022-06-16,2025-05-31,Matured,Moderate,Mirae Asset
87,324,Bonds,NTPC Bond,40943.99,46549.22,13.69,2021-06-29,2023-06-19,Active,Low,SBI Mutual Fund
88,165,Stocks,Reliance,232658.48,224212.98,-3.63,2020-03-09,2020-09-05,Matured,High,ICICI Pru
89,449,ULIPs,ICICI Pru iProtect,2991925.36,3300991.25,10.33,2023-06-28,2028-06-01,Active,High,Axis AMC
90,419,Stocks,ICICI Bank,1149198.41,1385933.28,20.6,2023-07-23,2024-07-17,Redeemed,High,Nippon India
91,333,NPS,Tier I - Equity,44112.1,48664.47,10.32,2020-12-22,2021-06-20,Partially Redeemed,Moderate,Kotak Mahindra
92,61,Recurring Deposit,Monthly RD 12M,2611318.35,3441717.59,31.8,2022-08-14,2027-07-19,Active,Low,Aditya Birla
93,446,ULIPs,SBI Life eWealth,484438.42,533948.03,10.22,2023-10-14,2024-01-12,Active,High,Nippon India
94,137,Fixed Deposit,Regular FD,1454637.57,1450855.51,-0.26,2020-12-03,2021-11-28,Active,Low,Mirae Asset
95,68,Mutual Fund,Nippon India,465792.32,522153.19,12.1,2020-12-31,2025-12-05,Matured,Moderate,SBI Mutual Fund
96,99,Gold ETF,HDFC Gold ETF,229908.37,283270.1,23.21,2022-06-22,2027-05-27,Active,Moderate,Nippon India
97,212,NPS,Tier II - Equity,154021.14,200011.85,29.86,2021-10-06,2024-09-20,Redeemed,Moderate,Aditya Birla
98,354,Mutual Fund,HDFC Top 100,2814081.59,2789036.26,-0.89,2020-12-16,2023-12-01,Redeemed,Moderate,HDFC AMC
99,86,ELSS,Mirae Tax Saver,15610.62,15838.54,1.46,2020-01-03,2020-07-01,Active,High,Axis AMC
100,37,Bonds,RBI Savings Bond,849061.77,950694.46,11.97,2023-06-06,2023-12-03,Matured,Low,Aditya Birla
101,475,Stocks,Reliance,16012.07,20554.69,28.37,2023-09-23,2023-12-22,Active,High,Nippon India
102,88,ULIPs,SBI Life eWealth,19525.69,19545.22,0.1,2022-03-08,2032-01-15,Active,High,Aditya Birla
103,492,NPS,Tier II - Equity,1502496.56,1707437.09,13.64,2023-11-02,2026-10-17,Active,Moderate,Aditya Birla
104,354,Bonds,RBI Savings Bond,1979766.61,2174575.64,9.84,2020-12-24,2022-12-14,Matured,Low,HDFC AMC
105,424,NPS,Tier I - Corporate Bond,966128.25,1262439.78,30.67,2020-12-13,2030-10-22,Active,Moderate,Axis AMC
106,235,ULIPs,HDFC Life Click 2 Invest,903047.82,1050605.83,16.34,2021-11-09,2022-05-08,Active,High,Aditya Birla
107,149,ELSS,Mirae Tax Saver,73556.4,90386.1,22.88,2023-01-15,2024-01-10,Active,High,ICICI Pru
108,214,NPS,Tier I - Equity,54243.44,53890.86,-0.65,2023-06-29,2023-12-26,Partially Redeemed,Moderate,Nippon India
109,390,ULIPs,HDFC Life Click 2 Invest,323913.97,400422.45,23.62,2024-04-30,2034-03-09,Active,High,Nippon India
110,135,ULIPs,SBI Life eWealth,19798.19,21599.83,9.1,2021-04-22,2023-04-12,Redeemed,High,Kotak Mahindra
111,94,ELSS,Mirae Tax Saver,2417657.57,2831077.01,17.1,2023-02-04,2023-05-05,Active,High,Nippon India
112,499,NPS,Tier II - Equity,115167.52,121352.02,5.37,2024-05-11,2024-11-07,Active,Moderate,HDFC AMC
113,182,Stocks,Reliance,2121010.86,2521033.51,18.86,2023-06-05,2023-09-03,Matured,High,SBI Mutual Fund
114,128,Fixed Deposit,Flexi FD,2477646.07,3011578.8,21.55,2021-11-23,2022-11-18,Active,Low,Axis AMC
115,419,Stocks,Infosys,444976.46,553639.71,24.42,2023-02-18,2026-02-02,Active,High,SBI Mutual Fund
116,81,Gold ETF,SBI Gold Fund,48028.49,54209.76,12.87,2023-12-28,2024-06-25,Active,Moderate,Nippon India
117,266,Stocks,Infosys,7443.95,7239.99,-2.74,2020-07-01,2020-09-29,Active,High,Axis AMC
118,420,ULIPs,HDFC Life Click 2 Invest,509176.21,580104.46,13.93,2022-12-21,2024-12-10,Active,High,Mirae Asset
119,54,Gold ETF,SBI Gold Fund,31123.22,39616.75,27.29,2024-06-23,2024-09-21,Redeemed,Moderate,Axis AMC
120,377,NPS,Tier I - Equity,465084.75,524848.14,12.85,2021-03-30,2024-03-14,Active,Moderate,SBI Mutual Fund
121,163,NPS,Tier I - Equity,48782.46,58290.16,19.49,2022-01-06,2024-12-21,Redeemed,Moderate,Nippon India
122,241,Fixed Deposit,Tax Saver FD,461786.04,507918.47,9.99,2024-06-06,2027-05-22,Active,Low,Axis AMC
123,150,Bonds,SGrB,1997580.25,2033536.69,1.8,2021-06-30,2021-12-27,Active,Low,HDFC AMC
124,8,Fixed Deposit,Tax Saver FD,15071.47,14655.5,-2.76,2022-06-07,2027-05-12,Active,Low,HDFC AMC
125,378,Bonds,SGrB,34221.23,44525.24,30.11,2021-07-13,2021-10-11,Redeemed,Low,Nippon India
126,474,ELSS,Mirae Tax Saver,27657.63,34201.43,23.66,2021-02-23,2021-08-22,Active,High,SBI Mutual Fund
127,183,Fixed Deposit,Regular FD,38755.69,45979.75,18.64,2023-11-04,2026-10-19,Active,Low,SBI Mutual Fund
128,337,NPS,Tier I - Corporate Bond,2338338.75,2414802.43,3.27,2020-01-20,2021-01-14,Active,Moderate,SBI Mutual Fund
129,368,ELSS,Quant Tax Plan,873753.08,1007874.18,15.35,2022-09-16,2024-09-05,Active,High,SBI Mutual Fund
130,268,Fixed Deposit,Flexi FD,1469713.3,1610364.86,9.57,2021-02-11,2030-12-21,Active,Low,Mirae Asset
131,340,Fixed Deposit,Regular FD,2062811.96,2203702.02,6.83,2024-04-15,2027-03-31,Active,Low,ICICI Pru
132,450,NPS,Tier I - Corporate Bond,381026.65,451059.35,18.38,2021-07-02,2031-05-11,Active,Moderate,Axis AMC
133,45,ULIPs,HDFC Life Click 2 Invest,54428.29,71366.37,31.12,2024-05-07,2034-03-16,Matured,High,Axis AMC
134,220,ULIPs,ICICI Pru iProtect,69319.4,77956.6,12.46,2021-08-31,2031-07-10,Partially Redeemed,High,Aditya Birla
135,497,Gold ETF,SBI Gold Fund,312735.28,315299.71,0.82,2023-11-02,2033-09-10,Active,Moderate,Mirae Asset
136,112,PPF,Public Provident Fund,2842300.35,3543780.08,24.68,2023-05-23,2026-05-07,Matured,Low,Axis AMC
137,164,ULIPs,SBI Life eWealth,7630.7,8250.31,8.12,2021-12-30,2022-06-28,Matured,High,HDFC AMC
138,448,PPF,Public Provident Fund,40304.41,41191.11,2.2,2020-05-12,2025-04-16,Active,Low,Axis AMC
139,35,NPS,Tier II - Equity,27784.03,28809.26,3.69,2022-07-10,2023-07-05,Matured,Moderate,SBI Mutual Fund
140,311,Stocks,Wipro,85350.12,109231.08,27.98,2024-05-03,2029-04-07,Active,High,ICICI Pru
141,232,Stocks,Reliance,1308995.59,1600639.81,22.28,2023-09-09,2025-08-29,Active,High,SBI Mutual Fund
142,292,NPS,Tier I - Corporate Bond,1559315.8,1491953.36,-4.32,2020-08-22,2030-07-01,Active,Moderate,ICICI Pru
143,465,Stocks,HDFC Bank,428428.56,560427.4,30.81,2020-08-29,2025-08-03,Matured,High,ICICI Pru
144,22,ULIPs,ICICI Pru iProtect,2652583.82,3343847.16,26.06,2020-02-06,2029-12-15,Active,High,SBI Mutual Fund
145,178,NPS,Tier I - Corporate Bond,489764.57,578852.75,18.19,2020-05-04,2020-10-31,Active,Moderate,SBI Mutual Fund
146,46,Recurring Deposit,Monthly RD 24M,458867.1,446294.14,-2.74,2020-06-06,2020-09-04,Active,Low,Kotak Mahindra
147,221,Mutual Fund,Nippon India,2371168.99,2309755.71,-2.59,2022-12-08,2025-11-22,Active,Moderate,Mirae Asset
148,365,ELSS,Axis ELSS,1485743.79,1768629.41,19.04,2021-11-25,2022-11-20,Matured,High,SBI Mutual Fund
149,170,Stocks,HDFC Bank,2164326.27,2357600.61,8.93,2020-03-03,2020-06-01,Active,High,ICICI Pru
150,101,Bonds,NTPC Bond,17546.32,23068.15,31.47,2021-03-28,2021-06-26,Matured,Low,HDFC AMC
151,16,NPS,Tier II - Equity,20789.59,20972.54,0.88,2022-12-14,2032-10-22,Active,Moderate,Kotak Mahindra
152,263,ULIPs,SBI Life eWealth,28051.18,29652.9,5.71,2020-05-16,2020-08-14,Active,High,Kotak Mahindra
153,254,Bonds,NTPC Bond,46014.84,53851.17,17.03,2020-08-18,2030-06-27,Active,Low,HDFC AMC
154,196,Stocks,TCS,274850.42,303077.56,10.27,2020-09-15,2030-07-25,Active,High,Axis AMC
155,8,Mutual Fund,SBI Bluechip,34809.43,34826.83,0.05,2021-11-15,2022-11-10,Active,Moderate,Axis AMC
156,260,PPF,Public Provident Fund,101781.51,103715.36,1.9,2020-01-28,2020-04-27,Active,Low,Mirae Asset
157,459,Stocks,Wipro,228486.25,236963.09,3.71,2022-04-30,2024-04-19,Redeemed,High,Axis AMC
158,306,Fixed Deposit,Flexi FD,966759.15,1214442.84,25.62,2024-01-13,2025-01-07,Redeemed,Low,HDFC AMC
159,318,PPF,Public Provident Fund,1776432.53,1757069.42,-1.09,2022-05-03,2025-04-17,Active,Low,Nippon India
160,15,Bonds,SGrB,21746.33,20876.48,-4.0,2020-02-10,2025-01-14,Active,Low,HDFC AMC
161,127,ULIPs,SBI Life eWealth,338510.92,350934.27,3.67,2022-02-26,2022-05-27,Active,High,Axis AMC
162,119,PPF,Public Provident Fund,2552727.53,2510096.98,-1.67,2021-05-29,2023-05-19,Active,Low,Axis AMC
163,373,Mutual Fund,Axis Midcap,418954.39,413172.82,-1.38,2021-08-06,2031-06-15,Active,Moderate,SBI Mutual Fund
164,388,Bonds,RBI Savings Bond,90019.02,116160.54,29.04,2020-10-28,2021-10-23,Matured,Low,SBI Mutual Fund
165,494,Recurring Deposit,Monthly RD 24M,2415385.54,2770930.29,14.72,2022-04-04,2027-03-09,Active,Low,SBI Mutual Fund
166,430,PPF,Public Provident Fund,2981612.31,3231471.42,8.38,2020-01-09,2021-01-03,Active,Low,Mirae Asset
167,338,ULIPs,HDFC Life Click 2 Invest,147419.57,151797.93,2.97,2023-05-03,2024-04-27,Redeemed,High,Mirae Asset
168,480,Recurring Deposit,Monthly RD 36M,359776.61,395754.27,10.0,2024-05-04,2029-04-08,Active,Low,Axis AMC
169,240,ULIPs,SBI Life eWealth,28234.92,28359.15,0.44,2023-08-07,2024-02-03,Redeemed,High,ICICI Pru
170,46,Recurring Deposit,Monthly RD 12M,238873.09,229222.62,-4.04,2021-09-11,2022-03-10,Active,Low,HDFC AMC
171,420,PPF,Public Provident Fund,23988.62,27757.23,15.71,2024-06-08,2024-12-05,Active,Low,Nippon India
172,112,NPS,Tier II - Equity,5899.04,7768.45,31.69,2020-05-31,2020-11-27,Matured,Moderate,Mirae Asset
173,419,Recurring Deposit,Monthly RD 24M,27291.45,27709.01,1.53,2020-09-02,2021-08-28,Active,Low,Axis AMC
174,233,Fixed Deposit,Regular FD,18242.55,20205.45,10.76,2020-12-13,2023-11-28,Active,Low,Mirae Asset
175,390,Gold ETF,SBI Gold Fund,266487.43,311790.29,17.0,2022-05-25,2032-04-02,Active,Moderate,ICICI Pru
176,320,Mutual Fund,Axis Midcap,15164.22,17032.45,12.32,2023-08-09,2026-07-24,Matured,Moderate,Kotak Mahindra
177,127,Recurring Deposit,Monthly RD 24M,32940.75,42658.27,29.5,2023-07-02,2025-06-21,Active,Low,Nippon India
178,123,Recurring Deposit,Monthly RD 24M,2443084.24,2845704.52,16.48,2020-01-15,2029-11-23,Active,Low,SBI Mutual Fund
179,267,Bonds,NHAI Bond,35049.19,38270.21,9.19,2021-06-06,2026-05-11,Active,Low,Kotak Mahindra
180,193,Bonds,NHAI Bond,31255.97,35484.9,13.53,2023-04-08,2023-07-07,Active,Low,Aditya Birla
181,120,Stocks,Infosys,28358.12,36513.92,28.76,2021-07-11,2026-06-15,Active,High,Nippon India
182,143,ULIPs,ICICI Pru iProtect,720356.18,761704.62,5.74,2022-09-23,2023-09-18,Matured,High,HDFC AMC
183,249,ELSS,Quant Tax Plan,346175.32,392424.34,13.36,2024-05-12,2026-05-02,Active,High,HDFC AMC
184,400,Mutual Fund,HDFC Top 100,1900133.81,2210425.66,16.33,2022-12-27,2023-12-22,Active,Moderate,Aditya Birla
185,478,Fixed Deposit,Regular FD,134239.25,143689.69,7.04,2020-04-22,2025-03-27,Matured,Low,Kotak Mahindra
186,193,Recurring Deposit,Monthly RD 24M,415863.19,465226.15,11.87,2023-03-31,2033-02-06,Active,Low,Axis AMC
187,201,Recurring Deposit,Monthly RD 24M,151705.95,181561.68,19.68,2020-09-20,2023-09-05,Matured,Low,Mirae Asset
188,324,Mutual Fund,HDFC Top 100,180697.61,190726.33,5.55,2020-10-01,2020-12-30,Redeemed,Moderate,Nippon India
189,420,Fixed Deposit,Flexi FD,1895844.95,2446019.15,29.02,2023-04-15,2033-02-21,Active,Low,HDFC AMC
190,102,Bonds,NTPC Bond,310352.69,399299.77,28.66,2022-11-02,2024-10-22,Matured,Low,Nippon India
191,109,Stocks,Reliance,1062889.5,1251339.81,17.73,2021-11-20,2024-11-04,Active,High,SBI Mutual Fund
192,429,ELSS,Axis ELSS,762551.91,839569.65,10.1,2024-04-04,2024-10-01,Active,High,HDFC AMC
193,275,Fixed Deposit,Flexi FD,229157.92,228332.95,-0.36,2022-05-30,2022-08-28,Active,Low,HDFC AMC
194,159,NPS,Tier I - Equity,840798.53,817424.33,-2.78,2023-08-21,2033-06-29,Active,Moderate,Aditya Birla
195,348,Recurring Deposit,Monthly RD 36M,1928885.23,2398568.78,24.35,2021-07-23,2031-06-01,Active,Low,SBI Mutual Fund
196,366,ULIPs,SBI Life eWealth,309893.59,408749.65,31.9,2021-01-06,2030-11-15,Matured,High,Nippon India
197,387,Bonds,SGrB,278069.28,267363.61,-3.85,2024-02-10,2024-05-10,Active,Low,Axis AMC
198,299,ELSS,Quant Tax Plan,1058031.17,1297569.43,22.64,2021-01-27,2022-01-22,Active,High,SBI Mutual Fund
199,244,Bonds,RBI Savings Bond,449692.54,528568.61,17.54,2022-08-31,2025-08-15,Redeemed,Low,SBI Mutual Fund
200,475,Recurring Deposit,Monthly RD 24M,313690.84,406700.17,29.65,2023-12-01,2024-05-29,Active,Low,Aditya Birla
201,132,Fixed Deposit,Tax Saver FD,43368.28,44695.35,3.06,2023-07-05,2033-05-13,Active,Low,SBI Mutual Fund
202,314,Mutual Fund,HDFC Top 100,12962.73,16288.97,25.66,2021-09-13,2022-03-12,Active,Moderate,Axis AMC
203,393,Mutual Fund,Nippon India,1338944.66,1300115.26,-2.9,2022-07-26,2023-01-22,Active,Moderate,Axis AMC
204,88,Gold ETF,Nippon Gold ETF,32208.24,42260.43,31.21,2022-08-08,2023-08-03,Active,Moderate,Kotak Mahindra
205,235,Mutual Fund,Mirae Asset,1801723.95,1997571.34,10.87,2022-12-15,2023-03-15,Matured,Moderate,Nippon India
206,397,PPF,Public Provident Fund,2217915.06,2662163.45,20.03,2024-01-27,2027-01-11,Active,Low,Aditya Birla
207,78,PPF,Public Provident Fund,301341.75,334549.61,11.02,2020-07-15,2021-01-11,Matured,Low,Axis AMC
208,259,Gold ETF,Nippon Gold ETF,948711.74,1201733.16,26.67,2024-05-19,2026-05-09,Matured,Moderate,Mirae Asset
209,114,Fixed Deposit,Senior Citizen FD,18129.32,20778.01,14.61,2022-04-14,2022-10-11,Partially Redeemed,Low,Nippon India
210,92,ULIPs,SBI Life eWealth,48932.48,54877.78,12.15,2020-03-24,2021-03-19,Active,High,SBI Mutual Fund
211,60,Fixed Deposit,Regular FD,1591233.36,1968355.67,23.7,2020-01-19,2024-12-23,Active,Low,SBI Mutual Fund
212,367,Fixed Deposit,Senior Citizen FD,184806.87,221860.65,20.05,2021-05-01,2024-04-15,Partially Redeemed,Low,SBI Mutual Fund
213,402,Fixed Deposit,Tax Saver FD,41706.81,49076.4,17.67,2021-02-07,2022-02-02,Active,Low,HDFC AMC
214,32,Gold ETF,Nippon Gold ETF,19774.69,22054.71,11.53,2024-02-04,2026-01-24,Active,Moderate,Kotak Mahindra
215,300,ULIPs,ICICI Pru iProtect,139607.48,153582.19,10.01,2022-05-14,2022-11-10,Active,High,Mirae Asset
216,376,Recurring Deposit,Monthly RD 12M,459859.21,538909.01,17.19,2021-05-18,2023-05-08,Matured,Low,Kotak Mahindra
217,317,Bonds,NHAI Bond,466476.01,539899.33,15.74,2023-05-21,2023-11-17,Matured,Low,Mirae Asset
218,61,Gold ETF,SBI Gold Fund,33304.99,34407.39,3.31,2020-03-26,2020-09-22,Active,Moderate,Nippon India
219,228,Bonds,SGrB,130859.26,134418.63,2.72,2021-11-02,2022-01-31,Redeemed,Low,Mirae Asset
220,348,Gold ETF,Nippon Gold ETF,2125028.47,2630147.74,23.77,2022-10-07,2023-04-05,Redeemed,Moderate,Nippon India
221,221,Gold ETF,Nippon Gold ETF,16207.43,19134.49,18.06,2023-12-29,2024-03-28,Redeemed,Moderate,Aditya Birla
222,182,Fixed Deposit,Senior Citizen FD,6375.53,7340.15,15.13,2020-02-16,2029-12-25,Active,Low,Mirae Asset
223,257,Fixed Deposit,Regular FD,202581.77,263741.21,30.19,2024-04-15,2024-10-12,Matured,Low,ICICI Pru
224,332,Gold ETF,HDFC Gold ETF,708539.68,859600.34,21.32,2021-10-13,2024-09-27,Matured,Moderate,Kotak Mahindra
225,58,Stocks,Reliance,1395310.12,1475261.39,5.73,2023-09-07,2024-03-05,Active,High,Axis AMC
226,74,ULIPs,HDFC Life Click 2 Invest,43589.71,44814.58,2.81,2023-09-17,2033-07-26,Active,High,SBI Mutual Fund
227,210,Fixed Deposit,Senior Citizen FD,202522.43,242054.81,19.52,2022-12-28,2032-11-05,Redeemed,Low,ICICI Pru
228,483,ELSS,Mirae Tax Saver,2864068.04,2775568.34,-3.09,2024-06-25,2029-05-30,Active,High,Kotak Mahindra
229,357,PPF,Public Provident Fund,2461324.39,2909777.69,18.22,2022-10-28,2032-09-05,Active,Low,HDFC AMC
230,407,ELSS,Axis ELSS,9206.74,10841.86,17.76,2023-01-24,2023-07-23,Active,High,SBI Mutual Fund
231,205,NPS,Tier I - Equity,1335536.53,1298542.17,-2.77,2023-01-28,2023-04-28,Active,Moderate,Mirae Asset
232,39,Fixed Deposit,Flexi FD,635574.39,637862.46,0.36,2020-05-09,2020-11-05,Active,Low,Axis AMC
233,182,ULIPs,ICICI Pru iProtect,881945.36,939448.2,6.52,2022-08-01,2032-06-09,Redeemed,High,Mirae Asset
234,260,Recurring Deposit,Monthly RD 36M,1522030.93,1518225.85,-0.25,2020-02-01,2025-01-05,Active,Low,HDFC AMC
235,289,Fixed Deposit,Senior Citizen FD,1667801.54,1640783.16,-1.62,2023-02-24,2033-01-02,Active,Low,Mirae Asset
236,93,Fixed Deposit,Tax Saver FD,1675837.05,1674161.21,-0.1,2023-05-22,2024-05-16,Active,Low,Mirae Asset
237,207,Mutual Fund,Axis Midcap,32951.9,39509.33,19.9,2020-08-14,2020-11-12,Matured,Moderate,Aditya Birla
238,381,Bonds,RBI Savings Bond,36629.55,39504.97,7.85,2021-08-27,2021-11-25,Active,Low,Kotak Mahindra
239,478,ULIPs,HDFC Life Click 2 Invest,2193899.81,2736670.62,24.74,2022-01-29,2024-01-19,Matured,High,ICICI Pru
240,87,PPF,Public Provident Fund,1667486.91,1585946.8,-4.89,2021-10-08,2022-10-03,Matured,Low,Axis AMC
241,144,Fixed Deposit,Regular FD,268999.9,333936.48,24.14,2021-09-17,2021-12-16,Active,Low,Axis AMC
242,89,Recurring Deposit,Monthly RD 36M,1496499.6,1624599.97,8.56,2022-07-11,2023-01-07,Redeemed,Low,Nippon India
243,181,NPS,Tier I - Corporate Bond,316575.48,361592.51,14.22,2021-02-28,2022-02-23,Active,Moderate,ICICI Pru
244,339,Mutual Fund,HDFC Top 100,576015.68,747898.76,29.84,2023-08-28,2025-08-17,Active,Moderate,Kotak Mahindra
245,351,Gold ETF,SBI Gold Fund,1446728.12,1845446.39,27.56,2022-11-04,2023-05-03,Active,Moderate,HDFC AMC
246,138,Mutual Fund,Nippon India,10749.13,10669.59,-0.74,2024-06-22,2025-06-17,Redeemed,Moderate,Nippon India
247,368,Mutual Fund,HDFC Top 100,40247.76,44027.02,9.39,2021-05-15,2021-11-11,Active,Moderate,Kotak Mahindra
248,264,NPS,Tier II - Equity,23359.13,26617.73,13.95,2021-07-18,2026-06-22,Redeemed,Moderate,Nippon India
249,462,Recurring Deposit,Monthly RD 12M,13229.09,15988.68,20.86,2021-06-04,2021-12-01,Matured,Low,Kotak Mahindra
250,17,ELSS,Axis ELSS,1093960.39,1336053.82,22.13,2021-09-12,2026-08-17,Active,High,Kotak Mahindra
251,386,Recurring Deposit,Monthly RD 24M,18611.74,17779.8,-4.47,2022-04-20,2024-04-09,Active,Low,HDFC AMC
252,488,ELSS,Mirae Tax Saver,927700.05,997463.09,7.52,2020-07-02,2030-05-11,Active,High,Aditya Birla
253,53,Mutual Fund,Axis Midcap,423824.76,521601.13,23.07,2021-06-19,2031-04-28,Redeemed,Moderate,Kotak Mahindra
254,118,ULIPs,SBI Life eWealth,30170.66,36790.1,21.94,2020-05-14,2021-05-09,Matured,High,Aditya Birla
255,293,Mutual Fund,Axis Midcap,1048327.09,1364188.04,30.13,2020-05-06,2021-05-01,Partially Redeemed,Moderate,SBI Mutual Fund
256,221,PPF,Public Provident Fund,372178.34,458784.24,23.27,2022-01-01,2022-04-01,Active,Low,Axis AMC
257,53,ELSS,Mirae Tax Saver,61155.18,67521.43,10.41,2020-02-18,2025-01-22,Matured,High,Mirae Asset
258,393,ULIPs,SBI Life eWealth,105652.55,129868.11,22.92,2023-06-11,2033-04-19,Matured,High,HDFC AMC
259,104,PPF,Public Provident Fund,446814.94,534480.03,19.62,2024-05-11,2029-04-15,Matured,Low,SBI Mutual Fund
260,398,PPF,Public Provident Fund,36058.85,43652.84,21.06,2023-06-04,2026-05-19,Active,Low,ICICI Pru
261,450,Gold ETF,Nippon Gold ETF,29257.21,32513.54,11.13,2023-05-05,2023-08-03,Redeemed,Moderate,SBI Mutual Fund
262,425,ULIPs,ICICI Pru iProtect,498465.93,654136.84,31.23,2020-02-27,2022-02-16,Redeemed,High,Kotak Mahindra
263,247,Mutual Fund,SBI Bluechip,19593.6,19374.15,-1.12,2022-08-30,2032-07-08,Active,Moderate,Axis AMC
264,204,ULIPs,SBI Life eWealth,2108408.83,2058228.7,-2.38,2024-04-16,2034-02-23,Matured,High,Axis AMC
265,258,Recurring Deposit,Monthly RD 24M,416545.78,407090.19,-2.27,2024-06-21,2024-12-18,Active,Low,ICICI Pru
266,191,Stocks,Wipro,2260158.32,2699307.08,19.43,2022-06-17,2025-06-01,Active,High,Mirae Asset
267,473,Fixed Deposit,Regular FD,24052.62,24694.82,2.67,2020-06-25,2021-06-20,Active,Low,ICICI Pru
268,75,NPS,Tier I - Equity,2004370.47,2604478.99,29.94,2022-04-22,2027-03-27,Matured,Moderate,Aditya Birla
269,211,ULIPs,ICICI Pru iProtect,306688.41,348459.37,13.62,2023-02-16,2023-08-15,Redeemed,High,Kotak Mahindra
270,421,Mutual Fund,Axis Midcap,1975577.41,2074751.4,5.02,2023-08-08,2025-07-28,Active,Moderate,Aditya Birla
271,22,PPF,Public Provident Fund,18723.77,20257.25,8.19,2020-05-28,2021-05-23,Matured,Low,Aditya Birla
272,28,Fixed Deposit,Senior Citizen FD,359280.92,408322.77,13.65,2023-06-08,2023-09-06,Matured,Low,ICICI Pru
273,194,Mutual Fund,Mirae Asset,18034.31,18140.71,0.59,2021-02-07,2021-05-08,Matured,Moderate,Axis AMC
274,101,Recurring Deposit,Monthly RD 36M,206378.44,213849.34,3.62,2022-07-12,2022-10-10,Active,Low,Mirae Asset
275,494,NPS,Tier I - Corporate Bond,12214.5,15716.4,28.67,2023-05-05,2025-04-24,Matured,Moderate,ICICI Pru
276,328,Gold ETF,Nippon Gold ETF,461364.72,446508.78,-3.22,2023-03-07,2025-02-24,Active,Moderate,HDFC AMC
277,230,Bonds,SGrB,90570.94,99609.92,9.98,2024-02-05,2029-01-09,Matured,Low,Nippon India
278,135,ULIPs,ICICI Pru iProtect,255087.72,291718.32,14.36,2022-09-29,2025-09-13,Active,High,ICICI Pru
279,432,ULIPs,HDFC Life Click 2 Invest,11658.5,12947.93,11.06,2022-04-09,2022-07-08,Redeemed,High,HDFC AMC
280,37,Gold ETF,SBI Gold Fund,2292822.11,2463637.36,7.45,2020-03-24,2023-03-09,Active,Moderate,Nippon India
281,455,PPF,Public Provident Fund,2250637.43,2403230.65,6.78,2021-04-15,2022-04-10,Active,Low,SBI Mutual Fund
282,357,Mutual Fund,Nippon India,734638.16,744335.38,1.32,2020-11-02,2030-09-11,Active,Moderate,Nippon India
283,195,ELSS,Quant Tax Plan,2298942.37,2903794.11,26.31,2023-06-13,2025-06-02,Active,High,HDFC AMC
284,370,NPS,Tier II - Equity,863706.38,1012695.73,17.25,2022-08-13,2027-07-18,Matured,Moderate,ICICI Pru
285,47,ELSS,Quant Tax Plan,178269.25,229789.06,28.9,2022-11-20,2032-09-28,Redeemed,High,Axis AMC
286,305,Recurring Deposit,Monthly RD 12M,290180.26,286291.84,-1.34,2022-03-14,2024-03-03,Active,Low,ICICI Pru
287,361,ULIPs,SBI Life eWealth,5363.22,5199.64,-3.05,2022-12-01,2024-11-20,Partially Redeemed,High,Nippon India
288,212,ELSS,Mirae Tax Saver,53763.16,63069.56,17.31,2022-07-01,2024-06-20,Active,High,Mirae Asset
289,331,Gold ETF,Nippon Gold ETF,414323.88,434998.64,4.99,2022-02-21,2025-02-05,Matured,Moderate,Axis AMC
290,67,ULIPs,SBI Life eWealth,143624.91,149456.08,4.06,2020-07-28,2021-07-23,Active,High,Mirae Asset
291,92,Bonds,SGrB,229779.85,238534.46,3.81,2020-08-06,2021-08-01,Active,Low,Mirae Asset
292,332,PPF,Public Provident Fund,29396.42,29781.51,1.31,2024-04-30,2024-07-29,Active,Low,Mirae Asset
293,230,ELSS,Axis ELSS,266258.92,286920.61,7.76,2020-08-11,2021-02-07,Active,High,Mirae Asset
294,212,Recurring Deposit,Monthly RD 36M,9642.67,9558.78,-0.87,2020-10-21,2022-10-11,Partially Redeemed,Low,Axis AMC
295,251,Stocks,HDFC Bank,2258457.84,2345408.47,3.85,2021-02-15,2030-12-25,Active,High,Kotak Mahindra
296,187,ELSS,Quant Tax Plan,411654.48,445286.65,8.17,2020-05-22,2020-11-18,Active,High,Axis AMC
297,3,Stocks,TCS,1585529.59,2064042.42,30.18,2022-09-30,2024-09-19,Active,High,SBI Mutual Fund
298,417,Stocks,ICICI Bank,204966.81,229050.41,11.75,2023-11-16,2024-02-14,Active,High,Mirae Asset
299,280,ULIPs,SBI Life eWealth,31839.07,36261.52,13.89,2020-07-07,2023-06-22,Active,High,Nippon India
300,186,NPS,Tier I - Equity,354895.85,452918.08,27.62,2020-02-12,2025-01-16,Active,Moderate,ICICI Pru
301,203,NPS,Tier I - Equity,527005.54,566320.15,7.46,2023-01-30,2026-01-14,Active,Moderate,SBI Mutual Fund
302,172,Gold ETF,SBI Gold Fund,470141.74,604132.14,28.5,2023-12-10,2024-06-07,Active,Moderate,Axis AMC
303,309,ULIPs,HDFC Life Click 2 Invest,43938.67,46939.68,6.83,2022-11-08,2024-10-28,Active,High,Axis AMC
304,101,ELSS,Quant Tax Plan,16958.19,16695.34,-1.55,2023-03-16,2024-03-10,Active,High,Mirae Asset
305,221,Stocks,Infosys,1269309.72,1617100.58,27.4,2022-10-20,2027-09-24,Active,High,Aditya Birla
306,99,Fixed Deposit,Senior Citizen FD,2870147.17,3409447.82,18.79,2020-06-29,2020-09-27,Active,Low,Axis AMC
307,341,Recurring Deposit,Monthly RD 12M,43802.68,54026.23,23.34,2022-12-18,2023-12-13,Active,Low,Axis AMC
308,312,Mutual Fund,SBI Bluechip,497384.9,530908.64,6.74,2020-09-07,2030-07-17,Active,Moderate,Aditya Birla
309,122,PPF,Public Provident Fund,71816.22,87644.51,22.04,2022-08-16,2027-07-21,Redeemed,Low,Aditya Birla
310,373,Bonds,NTPC Bond,48309.28,53396.25,10.53,2020-11-06,2021-11-01,Active,Low,Aditya Birla
311,385,Mutual Fund,Axis Midcap,726081.13,692608.79,-4.61,2020-10-07,2021-10-02,Matured,Moderate,Nippon India
312,203,ULIPs,HDFC Life Click 2 Invest,2425245.8,3128324.56,28.99,2020-10-30,2021-10-25,Redeemed,High,ICICI Pru
313,336,ELSS,Quant Tax Plan,116375.35,139836.62,20.16,2022-06-10,2025-05-25,Redeemed,High,Mirae Asset
314,156,PPF,Public Provident Fund,496796.04,485618.13,-2.25,2020-12-15,2030-10-24,Active,Low,Axis AMC
315,345,Gold ETF,Nippon Gold ETF,1252632.29,1487751.37,18.77,2021-08-13,2021-11-11,Active,Moderate,ICICI Pru
316,111,NPS,Tier I - Corporate Bond,17344.89,22277.78,28.44,2022-10-20,2027-09-24,Active,Moderate,Axis AMC
317,257,Fixed Deposit,Flexi FD,11908.55,13287.56,11.58,2021-06-21,2023-06-11,Active,Low,Mirae Asset
318,443,ULIPs,SBI Life eWealth,157840.69,182227.08,15.45,2020-10-25,2025-09-29,Active,High,ICICI Pru
319,293,Recurring Deposit,Monthly RD 24M,179712.28,196461.46,9.32,2021-12-16,2024-11-30,Active,Low,Aditya Birla
320,223,Recurring Deposit,Monthly RD 24M,47948.6,59106.24,23.27,2022-11-03,2032-09-11,Matured,Low,Aditya Birla
321,48,Mutual Fund,Nippon India,11605.79,11940.04,2.88,2022-03-18,2025-03-02,Active,Moderate,Axis AMC
322,344,NPS,Tier II - Equity,456748.9,532021.12,16.48,2023-10-11,2024-10-05,Matured,Moderate,Kotak Mahindra
323,452,Bonds,NTPC Bond,23088.11,27461.0,18.94,2022-10-08,2024-09-27,Active,Low,ICICI Pru
324,41,PPF,Public Provident Fund,100339.25,106189.03,5.83,2024-02-09,2024-08-07,Active,Low,ICICI Pru
325,423,Gold ETF,SBI Gold Fund,39554.1,41804.73,5.69,2024-04-22,2027-04-07,Active,Moderate,Kotak Mahindra
326,165,NPS,Tier II - Equity,150299.96,162323.96,8.0,2022-08-23,2032-07-01,Active,Moderate,SBI Mutual Fund
327,170,ULIPs,ICICI Pru iProtect,18820.79,18973.24,0.81,2020-12-20,2021-06-18,Active,High,SBI Mutual Fund
328,380,ULIPs,SBI Life eWealth,488957.79,478054.03,-2.23,2022-11-20,2023-02-18,Matured,High,ICICI Pru
329,3,ULIPs,SBI Life eWealth,317985.65,368481.77,15.88,2022-05-14,2025-04-28,Matured,High,Aditya Birla
330,143,ULIPs,HDFC Life Click 2 Invest,378664.87,365866.0,-3.38,2024-04-29,2027-04-14,Active,High,Axis AMC
331,193,Gold ETF,SBI Gold Fund,1932897.32,2392347.01,23.77,2024-06-17,2027-06-02,Active,Moderate,Axis AMC
332,399,Gold ETF,HDFC Gold ETF,252349.96,255075.34,1.08,2021-10-19,2022-04-17,Matured,Moderate,ICICI Pru
333,173,Fixed Deposit,Tax Saver FD,1245720.74,1409034.73,13.11,2021-04-24,2026-03-29,Active,Low,ICICI Pru
334,412,Stocks,Infosys,65360.76,72112.53,10.33,2020-10-12,2030-08-21,Active,High,Aditya Birla
335,190,Recurring Deposit,Monthly RD 36M,33781.31,35916.29,6.32,2023-03-16,2026-02-28,Active,Low,ICICI Pru
336,261,ELSS,Axis ELSS,63572.84,74412.01,17.05,2022-08-20,2023-08-15,Redeemed,High,Aditya Birla
337,185,PPF,Public Provident Fund,706489.39,918153.61,29.96,2024-04-27,2029-04-01,Active,Low,Mirae Asset
338,21,ELSS,Axis ELSS,428630.55,554047.85,29.26,2020-12-19,2023-12-04,Matured,High,Nippon India
339,185,ULIPs,HDFC Life Click 2 Invest,454559.42,545925.86,20.1,2023-01-20,2023-07-19,Active,High,ICICI Pru
340,129,Stocks,Reliance,1189007.1,1342270.12,12.89,2020-09-04,2020-12-03,Active,High,Mirae Asset
341,315,Bonds,NHAI Bond,2283007.36,2967224.67,29.97,2022-04-22,2025-04-06,Matured,Low,ICICI Pru
342,18,Gold ETF,Nippon Gold ETF,7998.06,9745.64,21.85,2021-04-11,2022-04-06,Matured,Moderate,Mirae Asset
343,157,Mutual Fund,Axis Midcap,2898530.38,2788096.37,-3.81,2022-06-02,2022-11-29,Redeemed,Moderate,HDFC AMC
344,79,Mutual Fund,HDFC Top 100,34238.61,44472.53,29.89,2022-01-10,2024-12-25,Active,Moderate,Kotak Mahindra
345,353,Mutual Fund,Axis Midcap,31890.83,37634.37,18.01,2021-10-03,2022-01-01,Partially Redeemed,Moderate,HDFC AMC
346,64,Fixed Deposit,Tax Saver FD,1724597.47,1725114.85,0.03,2024-05-10,2029-04-14,Active,Low,Kotak Mahindra
347,483,Fixed Deposit,Senior Citizen FD,107207.3,111817.21,4.3,2022-04-11,2022-07-10,Active,Low,SBI Mutual Fund
348,273,PPF,Public Provident Fund,54986.15,59352.05,7.94,2023-04-09,2033-02-15,Active,Low,Mirae Asset
349,20,Mutual Fund,SBI Bluechip,21399.56,26111.74,22.02,2024-04-27,2029-04-01,Active,Moderate,Nippon India
350,142,ELSS,Axis ELSS,425818.79,497654.42,16.87,2022-11-01,2027-10-06,Active,High,Axis AMC
351,198,Recurring Deposit,Monthly RD 36M,2443339.51,2948866.45,20.69,2020-06-11,2022-06-01,Active,Low,Kotak Mahindra
352,202,PPF,Public Provident Fund,24595.47,24600.39,0.02,2022-11-16,2025-10-31,Partially Redeemed,Low,Aditya Birla
353,196,ULIPs,SBI Life eWealth,181743.34,194083.71,6.79,2022-11-02,2032-09-10,Active,High,Axis AMC
354,480,Bonds,NHAI Bond,1240957.25,1330430.27,7.21,2024-04-02,2025-03-28,Active,Low,ICICI Pru
355,137,Fixed Deposit,Flexi FD,138667.49,166082.05,19.77,2020-12-30,2021-03-30,Matured,Low,Aditya Birla
356,92,PPF,Public Provident Fund,120758.59,127170.87,5.31,2021-11-11,2022-11-06,Active,Low,Mirae Asset
357,466,Fixed Deposit,Senior Citizen FD,514881.68,602051.15,16.93,2021-11-10,2024-10-25,Active,Low,Aditya Birla
358,313,Mutual Fund,Axis Midcap,2555551.48,3069472.88,20.11,2022-06-12,2022-09-10,Active,Moderate,Aditya Birla
359,213,PPF,Public Provident Fund,830845.6,1083173.41,30.37,2021-10-28,2026-10-02,Active,Low,ICICI Pru
360,445,ULIPs,HDFC Life Click 2 Invest,14342.42,17562.29,22.45,2020-08-13,2021-02-09,Active,High,Aditya Birla
361,377,Recurring Deposit,Monthly RD 24M,215851.38,217599.78,0.81,2021-10-21,2026-09-25,Matured,Low,Aditya Birla
362,473,Gold ETF,SBI Gold Fund,29803.5,39045.57,31.01,2020-04-22,2021-04-17,Partially Redeemed,Moderate,Nippon India
363,310,Mutual Fund,SBI Bluechip,190321.06,237501.65,24.79,2022-10-19,2027-09-23,Active,Moderate,SBI Mutual Fund
364,155,Recurring Deposit,Monthly RD 12M,331876.64,349167.41,5.21,2022-11-17,2023-05-16,Active,Low,Aditya Birla
365,236,Stocks,HDFC Bank,2522596.52,2941347.54,16.6,2023-01-24,2024-01-19,Active,High,Kotak Mahindra
366,353,Mutual Fund,Mirae Asset,869307.62,946154.41,8.84,2020-07-04,2020-12-31,Active,Moderate,Mirae Asset
367,440,Fixed Deposit,Regular FD,472853.06,623314.9,31.82,2021-07-10,2022-01-06,Active,Low,Nippon India
368,409,Fixed Deposit,Flexi FD,20493.49,22223.14,8.44,2020-08-24,2020-11-22,Redeemed,Low,ICICI Pru
369,322,ELSS,Axis ELSS,357486.42,465125.58,30.11,2023-01-31,2023-05-01,Active,High,ICICI Pru
370,253,Bonds,NHAI Bond,387145.03,496861.93,28.34,2021-04-01,2021-06-30,Active,Low,Axis AMC
371,358,PPF,Public Provident Fund,2780642.06,3375699.46,21.4,2021-07-01,2022-06-26,Active,Low,Mirae Asset
372,50,Stocks,ICICI Bank,551530.26,620802.46,12.56,2023-12-15,2024-06-12,Redeemed,High,HDFC AMC
373,438,ELSS,Axis ELSS,402217.73,523969.04,30.27,2023-07-26,2023-10-24,Active,High,Aditya Birla
374,89,Fixed Deposit,Flexi FD,303076.84,348477.75,14.98,2024-01-27,2024-07-25,Active,Low,Axis AMC
375,393,Bonds,NTPC Bond,1011350.13,1100348.94,8.8,2020-12-16,2021-06-14,Active,Low,Nippon India
376,223,Bonds,NHAI Bond,1725938.67,2136884.67,23.81,2021-03-06,2021-09-02,Active,Low,Nippon India
377,3,Stocks,Infosys,20372.01,25888.75,27.08,2024-06-06,2027-05-22,Matured,High,SBI Mutual Fund
378,174,Recurring Deposit,Monthly RD 36M,358634.34,412931.58,15.14,2023-11-28,2024-02-26,Partially Redeemed,Low,HDFC AMC
379,336,Gold ETF,SBI Gold Fund,26708.21,30885.37,15.64,2020-04-11,2025-03-16,Active,Moderate,Aditya Birla
380,5,ULIPs,SBI Life eWealth,30136.66,37942.05,25.9,2022-12-16,2025-11-30,Active,High,SBI Mutual Fund
381,382,PPF,Public Provident Fund,154199.87,159427.25,3.39,2020-02-29,2020-08-27,Active,Low,Kotak Mahindra
382,442,Fixed Deposit,Senior Citizen FD,1626257.02,2101611.95,29.23,2022-10-25,2023-01-23,Active,Low,Mirae Asset
383,429,NPS,Tier I - Corporate Bond,32251.22,33218.76,3.0,2020-04-08,2020-10-05,Active,Moderate,Nippon India
384,227,Recurring Deposit,Monthly RD 36M,42368.39,53689.22,26.72,2021-07-08,2022-07-03,Active,Low,Aditya Birla
385,295,Fixed Deposit,Tax Saver FD,2048036.35,1991100.94,-2.78,2023-09-14,2024-03-12,Active,Low,Nippon India
386,486,Mutual Fund,Axis Midcap,1917143.15,2050384.6,6.95,2020-03-10,2021-03-05,Active,Moderate,Mirae Asset
387,473,NPS,Tier I - Equity,96977.71,120436.62,24.19,2022-09-23,2022-12-22,Redeemed,Moderate,Axis AMC
388,352,Fixed Deposit,Regular FD,160394.34,209362.73,30.53,2024-04-06,2029-03-11,Active,Low,Axis AMC
389,382,PPF,Public Provident Fund,144676.92,151621.41,4.8,2022-02-01,2025-01-16,Active,Low,Axis AMC
390,197,NPS,Tier I - Equity,86731.12,86071.96,-0.76,2023-06-24,2025-06-13,Active,Moderate,Kotak Mahindra
391,166,ULIPs,ICICI Pru iProtect,1057386.31,1099258.81,3.96,2023-02-03,2026-01-18,Active,High,Kotak Mahindra
392,61,Stocks,Reliance,46977.23,46009.5,-2.06,2022-11-21,2032-09-29,Matured,High,HDFC AMC
393,230,Fixed Deposit,Flexi FD,28920.1,28737.9,-0.63,2024-05-04,2034-03-13,Active,Low,SBI Mutual Fund
394,143,Bonds,SGrB,144215.6,140033.35,-2.9,2024-05-13,2026-05-03,Active,Low,HDFC AMC
395,432,Fixed Deposit,Tax Saver FD,346490.68,387168.69,11.74,2023-12-27,2025-12-16,Active,Low,SBI Mutual Fund
396,344,ULIPs,HDFC Life Click 2 Invest,17342.77,17920.28,3.33,2024-01-15,2026-12-30,Active,High,HDFC AMC
397,22,Recurring Deposit,Monthly RD 24M,67490.76,88716.6,31.45,2020-09-15,2030-07-25,Active,Low,Kotak Mahindra
398,243,Bonds,NTPC Bond,11271.62,11366.3,0.84,2020-09-08,2021-03-07,Active,Low,Axis AMC
399,44,Stocks,Wipro,2692292.6,3264674.01,21.26,2021-09-28,2021-12-27,Active,High,Kotak Mahindra
400,472,Stocks,Wipro,2476712.46,2466310.27,-0.42,2020-05-20,2022-05-10,Matured,High,Kotak Mahindra
